编号,1.现在请您想象一下您处于这样一个场景：现在有一部电影（属于您感兴趣的类型）即将上映。今天早上您在乘坐地铁时看到地铁站内通道两侧的墙上都是此电影的海报。中午休息时您打开微博看到此电影主创的私生活爆料登上了热搜。晚上回到家打开电视，您看到电视上正在报道此电影首映的新闻。周末当您逛街时，您看到此电影的预告片在商场楼外的大屏幕上播放。:我认为这部电影很值得观看,1.现在请您想象一下您处于这样一个场景：现在有一部电影（属于您感兴趣的类型）即将上映。今天早上您在乘坐地铁时看到地铁站内通道两侧的墙上都是此电影的海报。中午休息时您打开微博看到此电影主创的私生活爆料登上了热搜。晚上回到家打开电视，您看到电视上正在报道此电影首映的新闻。周末当您逛街时，您看到此电影的预告片在商场楼外的大屏幕上播放。:当我想看电影时，我会选择这部电影,1.现在请您想象一下您处于这样一个场景：现在有一部电影（属于您感兴趣的类型）即将上映。今天早上您在乘坐地铁时看到地铁站内通道两侧的墙上都是此电影的海报。中午休息时您打开微博看到此电影主创的私生活爆料登上了热搜。晚上回到家打开电视，您看到电视上正在报道此电影首映的新闻。周末当您逛街时，您看到此电影的预告片在商场楼外的大屏幕上播放。:我会向我的朋友/家人推荐这部电影,2. 现在请您想象一下您处于这样一个场景：一年前您得知一部电影（属于您感兴趣的类型）正在筹备中。据说这部影片投资高达10亿，云集众多超人气明星，但是到底由谁参演呢？制片方对此一直闪烁其辞，不曾正式公布出准确的演员阵容。直到三个月前，此影片终于发布了演员角色海报。两个月前，有小道消息传出这部影片不过审，在内容上需要删减。今天早上您打开手机，看到这部影片发布正式定档的信息。:我认为这部电影很值得观看,2. 现在请您想象一下您处于这样一个场景：一年前您得知一部电影（属于您感兴趣的类型）正在筹备中。据说这部影片投资高达10亿，云集众多超人气明星，但是到底由谁参演呢？制片方对此一直闪烁其辞，不曾正式公布出准确的演员阵容。直到三个月前，此影片终于发布了演员角色海报。两个月前，有小道消息传出这部影片不过审，在内容上需要删减。今天早上您打开手机，看到这部影片发布正式定档的信息。:当我想看电影时，我会选择这部电影,2. 现在请您想象一下您处于这样一个场景：一年前您得知一部电影（属于您感兴趣的类型）正在筹备中。据说这部影片投资高达10亿，云集众多超人气明星，但是到底由谁参演呢？制片方对此一直闪烁其辞，不曾正式公布出准确的演员阵容。直到三个月前，此影片终于发布了演员角色海报。两个月前，有小道消息传出这部影片不过审，在内容上需要删减。今天早上您打开手机，看到这部影片发布正式定档的信息。:我会向我的朋友/家人推荐这部电影,3.现在请您想象一下您处于这样一个场景：现在有一部影片（属于您感兴趣的类型）已经上映1周。该影片的豆瓣评分为8.2分。很多电影公众号、微博大V和普通网友都对这部电影给予极高的评价。您身边的有些朋友也向您推荐这部影片。但是，在这些赞美的声音中，您也注意到了个别评论说这部影片其实也没那么好。:我认为这部电影很值得观看,3.现在请您想象一下您处于这样一个场景：现在有一部影片（属于您感兴趣的类型）已经上映1周。该影片的豆瓣评分为8.2分。很多电影公众号、微博大V和普通网友都对这部电影给予极高的评价。您身边的有些朋友也向您推荐这部影片。但是，在这些赞美的声音中，您也注意到了个别评论说这部影片其实也没那么好。:当我想看电影时，我会选择这部电影,3.现在请您想象一下您处于这样一个场景：现在有一部影片（属于您感兴趣的类型）已经上映1周。该影片的豆瓣评分为8.2分。很多电影公众号、微博大V和普通网友都对这部电影给予极高的评价。您身边的有些朋友也向您推荐这部影片。但是，在这些赞美的声音中，您也注意到了个别评论说这部影片其实也没那么好。:我会向我的朋友/家人推荐这部电影,4.现在请您想象一下您处于这样一个场景：现在有一部电影（属于您感兴趣的类型）即将上映。在电影发布会上，总制片人向媒体介绍该影片由著名导演执导，是女主角获得奥斯卡影后之后接拍的首部电影。此外，该影片的男主角今年被选为戛纳电影节主竞赛单元评委。:我认为这部电影很值得观看,4.现在请您想象一下您处于这样一个场景：现在有一部电影（属于您感兴趣的类型）即将上映。在电影发布会上，总制片人向媒体介绍该影片由著名导演执导，是女主角获得奥斯卡影后之后接拍的首部电影。此外，该影片的男主角今年被选为戛纳电影节主竞赛单元评委。:当我想看电影时，我会选择这部电影,4.现在请您想象一下您处于这样一个场景：现在有一部电影（属于您感兴趣的类型）即将上映。在电影发布会上，总制片人向媒体介绍该影片由著名导演执导，是女主角获得奥斯卡影后之后接拍的首部电影。此外，该影片的男主角今年被选为戛纳电影节主竞赛单元评委。:我会向我的朋友/家人推荐这部电影,5.我喜欢许多人和我在一起,6.我宁愿与他人合作而不是与他人竞争,7.如果我作出了承诺，我会想方设法的实现,8.我经常感到无助，希望别人能帮助我解决问题,9.就算有些事情不能实现，我也喜欢花时间去幻想,10.我是非常活跃活泼的人,11.我知道很多人喜欢我,12.我总是让工作积极有效的完成,13.我很多时候感到忧愁和沮丧,14.我对艺术和自然都很有兴趣,15.我喜欢和大家一起做事,16.就算我不喜欢谁，我也不会让他知道,17.我认为我是一个可靠的人,18.我经常感到紧张和神经过敏,19.我很容易注意到不同环境产生的心情和感觉的变化,20.我认为自己总是”情绪高昂“,21.为了保证问卷质量，此题请选择非常不认同,22.我基本上不与我的家人或合作者争辩,23.我总是有条不紊地做自己的工作,24.我或许是一个自找烦恼的人,25.我经常在探索理论或抽象概念中感到快乐,26.我喜欢与陌生人交谈,27.就算在关键时刻，我也不会据理力争,28.我愿意在工作时间之外做工作上的事情,29.您的性别是？,30.题目: 您的年龄是多少？________:1[题目填空],31.您正在攻读或已经取得的最高学历是？,32.您目前从事的职业是？,33.您看电影的频率是？,34.您最常观看的电影类型是？:A. 喜剧,34.您最常观看的电影类型是？:B. 爱情,34.您最常观看的电影类型是？:C. 动作,34.您最常观看的电影类型是？:D. 恐怖,34.您最常观看的电影类型是？:E. 悬疑推理,34.您最常观看的电影类型是？:F. 动画,34.您最常观看的电影类型是？:G. 科幻,34.您最常观看的电影类型是？:H. 战争,34.您最常观看的电影类型是？:I. 历史,34.您最常观看的电影类型是？:J. 剧情,35.您对电影营销策略持什么态度？
264,7,7,7,7,7,7,7,7,7,7,7,7,1,1,1,1,1,1,1,1,1,1,1,1,1,1,1,1,1,1,1,1,1,1,1,1,A.A. 男,"	20",F.F. 博士及以上,C.C. 政府/企事业单位,A.A. 一周数次,A.A. 喜剧,B.B. 爱情,C.C. 动作,D.D. 恐怖,E.E. 悬疑推理,F.F. 动画,G.G. 科幻,H.H. 战争,I.I. 历史,J.J. 剧情,1
263,6,6,6,6,6,6,6,6,6,6,6,6,4,4,4,4,4,4,4,4,4,4,4,4,4,4,4,4,4,4,4,4,4,4,4,4,A.A. 男,"	22",E.E. 硕士,A.A. 学生,A.A. 一周数次,A.A. 喜剧,B.B. 爱情,C.C. 动作,,,,,,,,4
262,7,6,5,6,6,6,6,6,6,5,6,6,4,4,4,4,4,4,4,3,4,4,2,2,4,4,4,4,1,4,4,4,3,4,3,4,A.A. 男,"	23",F.F. 博士及以上,E.E. 其它,A.A. 一周数次,A.A. 喜剧,,C.C. 动作,,,,G.G. 科幻,,,,3
261,2,2,2,2,1,1,6,6,6,2,2,2,1,5,4,2,2,2,2,3,2,3,3,2,4,4,4,3,1,4,3,3,3,2,2,3,B.B. 女,"	22",D.D. 本科,A.A. 学生,B.B. 至少每周一次,A.A. 喜剧,B.B. 爱情,,D.D. 恐怖,E.E. 悬疑推理,,,,I.I. 历史,,3
260,7,7,7,7,7,7,6,7,7,7,7,7,1,3,4,4,4,4,3,3,3,2,3,3,3,3,3,3,1,3,3,3,3,3,3,3,A.A. 男,"20
",D.D. 本科,A.A. 学生,E.E. 超过一个月才看一次,A.A. 喜剧,,,,,,,,,,5
259,4,3,3,4,4,2,5,5,2,4,4,4,4,4,3,4,2,4,2,4,4,3,4,4,4,3,4,2,1,2,4,3,3,2,2,3,B.B. 女,"	21",D.D. 本科,A.A. 学生,E.E. 超过一个月才看一次,A.A. 喜剧,B.B. 爱情,,,E.E. 悬疑推理,,,,,J.J. 剧情,2
258,5,6,5,5,6,6,6,6,5,6,7,6,5,4,5,2,3,4,4,4,2,4,5,3,5,2,3,3,1,4,4,2,3,2,2,4,B.B. 女,"	45",D.D. 本科,E.E. 其它,E.E. 超过一个月才看一次,,,,,,,,,I.I. 历史,,4
257,5,5,5,4,4,4,5,5,5,6,6,6,4,4,4,2,2,2,2,4,1,3,4,2,4,1,1,1,1,2,5,3,4,3,4,1,B.B. 女,"	18",D.D. 本科,A.A. 学生,E.E. 超过一个月才看一次,,,,D.D. 恐怖,E.E. 悬疑推理,,,,,J.J. 剧情,3
256,4,4,4,4,4,4,4,3,3,5,5,4,4,5,5,3,2,3,2,4,2,4,3,3,4,2,3,3,3,4,4,2,2,3,3,3,A.A. 男,"	26",D.D. 本科,E.E. 其它,E.E. 超过一个月才看一次,A.A. 喜剧,,C.C. 动作,,,,,,,J.J. 剧情,3
255,3,6,3,2,2,1,5,5,3,6,6,4,3,4,5,3,5,3,2,3,4,5,4,5,5,3,4,3,1,2,4,4,4,3,2,1,B.B. 女,"	21",D.D. 本科,A.A. 学生,C.C. 至少每半个月一次,A.A. 喜剧,,C.C. 动作,D.D. 恐怖,,,,,,,4
254,6,6,6,6,6,6,6,6,4,6,6,6,3,4,4,3,3,5,3,3,4,4,4,3,3,3,4,3,1,3,4,3,4,3,3,3,B.B. 女,"	19",D.D. 本科,A.A. 学生,E.E. 超过一个月才看一次,,,C.C. 动作,,,,,,,J.J. 剧情,3
253,5,5,4,6,6,5,4,6,5,7,6,6,4,4,4,4,4,3,3,3,4,4,4,4,4,4,4,3,1,3,3,4,4,3,4,2,A.A. 男,"	23",C.C. 大专,B.B. 公司职员,E.E. 超过一个月才看一次,,B.B. 爱情,C.C. 动作,,E.E. 悬疑推理,,G.G. 科幻,H.H. 战争,,,2
252,7,7,7,5,5,6,5,5,6,6,6,5,5,5,5,5,5,4,2,2,3,4,5,2,1,4,4,2,1,1,1,4,4,3,1,2,B.B. 女,"	18",D.D. 本科,A.A. 学生,C.C. 至少每半个月一次,A.A. 喜剧,B.B. 爱情,C.C. 动作,D.D. 恐怖,E.E. 悬疑推理,F.F. 动画,G.G. 科幻,H.H. 战争,I.I. 历史,J.J. 剧情,5
251,5,5,5,6,5,5,6,5,5,3,3,5,4,3,4,4,4,4,4,4,4,4,4,4,4,4,4,4,4,4,4,4,4,4,4,4,A.A. 男,"	18",D.D. 本科,A.A. 学生,E.E. 超过一个月才看一次,A.A. 喜剧,B.B. 爱情,C.C. 动作,,,,G.G. 科幻,,,,4
250,6,4,1,6,5,1,7,7,5,7,7,1,1,5,5,4,5,1,1,1,4,5,3,3,4,5,5,1,1,2,2,5,5,2,1,2,B.B. 女,"	21",D.D. 本科,A.A. 学生,E.E. 超过一个月才看一次,,B.B. 爱情,,,,,,,,,4
249,5,5,6,3,5,5,5,6,5,3,5,5,2,1,5,2,1,3,1,5,2,3,5,5,5,1,2,3,1,2,3,1,5,5,4,4,B.B. 女,"	42",A.A. 高中及以下,D.D. 自由职业,E.E. 超过一个月才看一次,,,,,,,,,,J.J. 剧情,4
248,3,3,1,5,5,5,6,6,5,7,7,6,3,3,5,2,5,4,3,4,3,3,1,2,1,2,4,3,1,3,3,4,2,2,1,3,B.B. 女,"	20",D.D. 本科,A.A. 学生,C.C. 至少每半个月一次,A.A. 喜剧,,,,E.E. 悬疑推理,F.F. 动画,,H.H. 战争,I.I. 历史,J.J. 剧情,3
247,4,5,5,4,5,5,5,4,5,5,5,5,3,3,4,3,3,4,3,4,4,5,5,3,5,4,5,3,1,4,5,3,5,5,5,5,A.A. 男,"	46",A.A. 高中及以下,D.D. 自由职业,E.E. 超过一个月才看一次,A.A. 喜剧,,,,,,,,,,4
246,3,3,3,4,4,4,6,6,6,5,5,4,4,4,3,4,5,3,2,2,3,4,4,4,4,3,3,2,3,2,3,5,4,3,4,1,A.A. 男,"	24",D.D. 本科,C.C. 政府/企事业单位,B.B. 至少每周一次,,,,,,,G.G. 科幻,,,J.J. 剧情,4
245,1,1,1,1,1,1,1,1,1,1,1,1,1,1,1,1,1,1,1,1,1,1,1,1,1,1,1,1,1,1,1,1,1,1,1,1,B.B. 女,"	1000000000",C.C. 大专,E.E. 其它,E.E. 超过一个月才看一次,,,,D.D. 恐怖,,,,,,,1
244,6,6,6,6,6,6,6,6,6,6,6,6,5,5,5,5,5,5,5,5,5,5,5,5,5,5,5,5,5,5,5,5,5,5,5,5,B.B. 女,"	86",D.D. 本科,A.A. 学生,A.A. 一周数次,A.A. 喜剧,B.B. 爱情,C.C. 动作,,,,,,,,5
243,3,5,1,1,1,1,4,5,1,2,5,1,1,5,5,3,2,1,1,3,1,3,3,1,5,3,5,1,1,2,3,1,4,3,3,5,B.B. 女,"	26",C.C. 大专,E.E. 其它,E.E. 超过一个月才看一次,A.A. 喜剧,,,,E.E. 悬疑推理,F.F. 动画,,,,,3
242,5,5,5,4,5,4,5,5,5,7,7,5,1,5,5,2,3,1,3,5,3,2,1,3,5,5,5,1,1,3,3,3,4,1,3,5,B.B. 女,"	35",D.D. 本科,C.C. 政府/企事业单位,E.E. 超过一个月才看一次,,,,,,,,,,J.J. 剧情,3
241,4,3,1,4,4,4,6,6,3,6,6,4,3,3,5,1,3,3,2,4,4,5,4,4,5,5,5,2,1,4,4,5,5,2,1,1,A.A. 男,"	20",D.D. 本科,A.A. 学生,D.D. 至少每月一次,A.A. 喜剧,,,,E.E. 悬疑推理,F.F. 动画,G.G. 科幻,,,,4
240,7,7,6,7,7,7,7,6,6,7,7,7,1,4,5,1,3,3,4,4,1,3,3,4,5,2,5,3,1,5,5,2,5,1,2,3,B.B. 女,"20
",D.D. 本科,A.A. 学生,E.E. 超过一个月才看一次,,,,D.D. 恐怖,E.E. 悬疑推理,,,,,,3
239,3,4,2,4,5,4,5,5,5,5,5,5,4,4,3,3,4,3,3,3,3,3,4,4,4,3,4,3,1,2,3,3,2,2,3,2,B.B. 女,"21

",D.D. 本科,A.A. 学生,E.E. 超过一个月才看一次,A.A. 喜剧,B.B. 爱情,C.C. 动作,,,F.F. 动画,,,I.I. 历史,,3
238,4,4,4,4,4,4,5,5,5,4,4,4,2,4,5,1,1,3,2,4,2,3,3,2,5,1,5,4,1,4,5,1,2,3,3,2,B.B. 女,"	40",D.D. 本科,E.E. 其它,E.E. 超过一个月才看一次,A.A. 喜剧,,C.C. 动作,,,,,,,,3
237,4,5,3,5,6,4,6,5,5,5,6,3,1,4,4,3,4,3,3,2,4,3,2,4,3,3,4,3,1,3,2,4,4,3,3,2,B.B. 女,"20
",D.D. 本科,A.A. 学生,D.D. 至少每月一次,,,,,E.E. 悬疑推理,,,,,,4
236,5,6,5,4,3,2,5,5,5,5,5,5,3,5,5,4,5,5,5,4,2,2,5,3,5,1,3,4,1,5,3,2,2,1,3,4,B.B. 女,"	35",D.D. 本科,E.E. 其它,E.E. 超过一个月才看一次,A.A. 喜剧,B.B. 爱情,C.C. 动作,,,,G.G. 科幻,,I.I. 历史,,4
235,5,5,5,5,5,5,5,5,5,5,5,5,1,2,5,4,3,3,1,3,2,4,3,3,4,3,3,3,1,3,4,3,1,2,1,3,B.B. 女,"	42",D.D. 本科,E.E. 其它,E.E. 超过一个月才看一次,A.A. 喜剧,,,,,,,,,,3
234,4,4,4,3,4,4,6,6,6,4,4,4,3,3,4,3,4,3,3,3,3,4,3,2,3,4,4,3,1,2,3,4,2,2,2,2,B.B. 女,"	20",D.D. 本科,A.A. 学生,E.E. 超过一个月才看一次,,,C.C. 动作,,E.E. 悬疑推理,F.F. 动画,,,,,3
233,5,5,5,5,5,5,6,6,6,5,3,1,4,5,5,5,1,5,5,2,2,5,5,5,5,2,5,5,1,2,4,4,1,3,1,3,B.B. 女,"	25",E.E. 硕士,B.B. 公司职员,E.E. 超过一个月才看一次,A.A. 喜剧,,,,,F.F. 动画,,,,,5
232,5,6,3,4,4,3,7,7,7,3,2,1,3,5,4,3,4,2,2,3,3,3,3,4,5,3,3,2,1,1,3,4,1,1,1,2,B.B. 女,"	20",D.D. 本科,A.A. 学生,D.D. 至少每月一次,A.A. 喜剧,B.B. 爱情,C.C. 动作,,E.E. 悬疑推理,F.F. 动画,G.G. 科幻,,,,3
231,4,5,3,6,6,3,5,6,4,6,6,5,5,5,5,4,4,2,4,4,3,3,5,5,4,2,4,1,1,2,4,3,1,1,1,4,B.B. 女,"	21",E.E. 硕士,A.A. 学生,E.E. 超过一个月才看一次,A.A. 喜剧,B.B. 爱情,,,,F.F. 动画,,,,,4
230,7,7,6,5,5,5,6,7,6,7,7,6,4,4,4,4,5,4,3,3,3,2,4,2,3,3,3,4,1,1,2,2,3,2,2,3,B.B. 女,"	21",D.D. 本科,A.A. 学生,E.E. 超过一个月才看一次,A.A. 喜剧,B.B. 爱情,,,E.E. 悬疑推理,,,,,J.J. 剧情,5
229,7,7,7,7,7,7,7,7,7,7,7,7,5,5,5,5,5,5,5,5,5,5,5,5,5,5,5,5,5,5,5,5,5,5,5,5,B.B. 女,"	19",D.D. 本科,A.A. 学生,E.E. 超过一个月才看一次,,,,,,,,,,J.J. 剧情,3
228,4,5,5,5,5,5,6,6,6,6,6,6,2,4,5,4,3,2,2,4,4,3,3,4,4,5,4,1,1,1,3,4,3,3,2,4,B.B. 女,"	19",D.D. 本科,A.A. 学生,B.B. 至少每周一次,A.A. 喜剧,B.B. 爱情,,,E.E. 悬疑推理,F.F. 动画,G.G. 科幻,,I.I. 历史,J.J. 剧情,4
227,3,3,2,4,4,4,5,5,4,5,5,4,3,3,5,2,4,1,2,3,2,3,4,4,4,4,2,3,1,2,3,3,4,2,4,4,A.A. 男,"21
",D.D. 本科,A.A. 学生,E.E. 超过一个月才看一次,A.A. 喜剧,,,,,,,,,J.J. 剧情,3
226,2,3,6,3,3,3,6,5,3,5,3,3,2,2,3,4,2,2,4,2,4,2,4,4,2,2,4,2,4,2,3,2,4,4,3,5,B.B. 女,"	20",D.D. 本科,A.A. 学生,B.B. 至少每周一次,,,C.C. 动作,,,,,,,,2
225,5,4,4,2,2,2,6,6,6,6,6,5,4,5,5,3,4,2,2,3,4,5,4,2,4,4,4,2,1,1,2,4,2,2,2,4,B.B. 女,"	19",D.D. 本科,A.A. 学生,D.D. 至少每月一次,,,,,E.E. 悬疑推理,F.F. 动画,,,,J.J. 剧情,4
224,2,2,2,5,5,3,5,7,4,5,5,4,3,4,4,3,4,3,3,3,4,3,3,4,3,4,4,3,1,2,2,5,3,3,2,3,A.A. 男,"	18",D.D. 本科,A.A. 学生,B.B. 至少每周一次,A.A. 喜剧,,,D.D. 恐怖,,,G.G. 科幻,,,,4
223,7,7,7,7,7,7,7,7,7,7,7,7,3,4,5,3,3,3,3,3,1,5,5,5,5,1,2,3,1,5,3,1,3,2,4,4,A.A. 男,"20
",B.B. 中专、职高或技校,C.C. 政府/企事业单位,B.B. 至少每周一次,A.A. 喜剧,B.B. 爱情,C.C. 动作,,,F.F. 动画,G.G. 科幻,,,J.J. 剧情,4
222,7,7,7,4,4,4,7,7,6,7,7,7,3,5,5,3,5,5,3,3,3,3,3,1,5,5,5,5,1,3,3,3,3,3,3,3,B.B. 女,"	18",D.D. 本科,A.A. 学生,A.A. 一周数次,A.A. 喜剧,,,,,,,,,,1
221,4,4,4,1,1,1,7,7,4,7,7,4,1,5,5,1,5,2,2,2,4,5,2,4,4,1,5,2,1,3,2,3,3,1,3,5,A.A. 男,"	21",D.D. 本科,A.A. 学生,E.E. 超过一个月才看一次,,,,,E.E. 悬疑推理,F.F. 动画,,,,J.J. 剧情,3
220,5,5,4,5,7,5,7,7,6,7,7,7,5,5,5,2,3,4,3,3,4,4,4,3,3,4,5,4,1,2,3,3,4,4,3,3,A.A. 男,"	20",D.D. 本科,A.A. 学生,A.A. 一周数次,A.A. 喜剧,B.B. 爱情,,D.D. 恐怖,,,G.G. 科幻,,,,4
219,7,7,7,7,7,7,7,7,7,7,7,7,5,5,5,2,5,2,2,2,5,2,4,3,3,5,5,3,1,2,3,4,4,3,3,3,B.B. 女,"	19",D.D. 本科,A.A. 学生,E.E. 超过一个月才看一次,A.A. 喜剧,,C.C. 动作,,,F.F. 动画,G.G. 科幻,,,,3
218,4,4,4,6,6,4,5,5,3,6,6,4,2,4,4,2,3,2,2,3,3,3,3,3,3,3,4,3,1,3,3,2,3,3,2,3,A.A. 男,"	20",D.D. 本科,A.A. 学生,E.E. 超过一个月才看一次,A.A. 喜剧,,C.C. 动作,,,F.F. 动画,G.G. 科幻,H.H. 战争,I.I. 历史,J.J. 剧情,3
217,5,6,4,5,4,2,7,7,6,5,5,5,3,4,5,2,5,5,5,5,2,5,5,4,5,2,4,4,1,2,4,2,4,4,2,3,B.B. 女,"	20",D.D. 本科,A.A. 学生,D.D. 至少每月一次,A.A. 喜剧,B.B. 爱情,C.C. 动作,D.D. 恐怖,E.E. 悬疑推理,F.F. 动画,,,,J.J. 剧情,3
216,5,2,1,6,6,6,5,7,4,6,7,4,3,5,5,5,5,2,2,3,3,2,3,2,3,3,3,2,1,3,3,1,2,3,4,2,B.B. 女,"	20",D.D. 本科,A.A. 学生,C.C. 至少每半个月一次,A.A. 喜剧,B.B. 爱情,,,,,,,,,3
215,4,4,4,4,4,4,5,5,3,5,4,2,4,5,5,5,5,3,4,4,5,4,5,4,5,4,4,4,1,4,4,2,3,3,4,3,B.B. 女,"	20",D.D. 本科,A.A. 学生,D.D. 至少每月一次,A.A. 喜剧,B.B. 爱情,C.C. 动作,,E.E. 悬疑推理,,G.G. 科幻,,,J.J. 剧情,3
214,5,3,3,4,4,4,7,7,7,7,4,4,3,4,5,5,5,3,3,2,4,4,4,3,2,3,5,3,1,2,2,4,5,5,1,2,B.B. 女,"	19",D.D. 本科,A.A. 学生,D.D. 至少每月一次,A.A. 喜剧,B.B. 爱情,,,,,,H.H. 战争,I.I. 历史,,5
213,5,5,5,6,6,6,6,6,6,6,6,6,2,4,4,3,2,3,2,4,2,4,4,4,4,2,4,3,1,3,4,2,4,3,2,3,B.B. 女,"	20",D.D. 本科,A.A. 学生,B.B. 至少每周一次,A.A. 喜剧,B.B. 爱情,C.C. 动作,,E.E. 悬疑推理,F.F. 动画,G.G. 科幻,H.H. 战争,I.I. 历史,J.J. 剧情,3
212,4,4,1,3,2,1,6,6,2,4,3,1,3,5,5,2,3,2,2,2,2,4,4,3,3,2,3,1,1,1,3,3,3,3,2,3,B.B. 女,"	21",D.D. 本科,A.A. 学生,C.C. 至少每半个月一次,A.A. 喜剧,B.B. 爱情,,,,F.F. 动画,,,,J.J. 剧情,3
211,3,4,1,1,1,1,6,6,5,6,5,3,4,5,4,3,3,4,3,4,2,3,4,4,4,2,4,4,1,3,3,2,3,3,2,5,B.B. 女,"	21",D.D. 本科,A.A. 学生,C.C. 至少每半个月一次,A.A. 喜剧,,C.C. 动作,,E.E. 悬疑推理,,,,,,4
210,4,4,3,5,5,4,6,7,5,6,6,5,3,4,5,4,5,4,2,3,2,3,3,4,4,4,4,3,1,4,3,4,2,2,4,3,B.B. 女,"	21",D.D. 本科,A.A. 学生,E.E. 超过一个月才看一次,A.A. 喜剧,B.B. 爱情,,,,F.F. 动画,,,,J.J. 剧情,3
209,6,6,6,4,4,4,6,6,6,6,6,6,2,4,4,2,2,1,1,3,4,3,2,5,5,3,3,2,1,3,3,3,3,1,2,1,B.B. 女,"21
",D.D. 本科,A.A. 学生,C.C. 至少每半个月一次,,B.B. 爱情,,,,,G.G. 科幻,,,J.J. 剧情,3
208,6,6,4,7,7,4,7,7,6,4,4,4,3,5,5,5,5,2,3,3,3,3,4,5,3,4,4,3,3,3,4,4,4,1,3,3,B.B. 女,"	22",D.D. 本科,A.A. 学生,B.B. 至少每周一次,,,C.C. 动作,D.D. 恐怖,E.E. 悬疑推理,,G.G. 科幻,,,,4
207,6,6,3,3,3,3,7,7,5,5,5,3,1,5,5,3,5,3,4,4,3,3,2,4,4,5,5,3,1,4,4,5,4,1,2,3,B.B. 女,"	21",D.D. 本科,A.A. 学生,E.E. 超过一个月才看一次,A.A. 喜剧,B.B. 爱情,,,,,,,,J.J. 剧情,3
206,1,1,1,4,4,4,4,4,4,4,4,4,3,3,5,1,5,2,3,3,1,5,4,3,3,1,3,3,1,2,3,1,4,3,3,2,B.B. 女,"	26",E.E. 硕士,E.E. 其它,E.E. 超过一个月才看一次,A.A. 喜剧,B.B. 爱情,,D.D. 恐怖,,,,,,,3
205,4,4,4,4,4,4,4,4,4,4,4,4,1,2,5,2,1,5,4,4,1,3,4,3,3,3,3,3,3,3,3,3,3,2,1,3,B.B. 女,"28
",D.D. 本科,B.B. 公司职员,E.E. 超过一个月才看一次,,,,,E.E. 悬疑推理,,,,,,1
204,4,4,2,4,4,2,7,7,4,5,5,4,3,5,5,3,5,3,3,4,5,3,3,2,3,5,5,3,1,1,3,4,4,3,1,3,B.B. 女,"	24",D.D. 本科,E.E. 其它,D.D. 至少每月一次,,,,,,F.F. 动画,G.G. 科幻,,I.I. 历史,J.J. 剧情,4
203,6,6,6,5,5,5,5,5,5,7,7,7,3,3,5,2,3,3,3,4,2,3,5,5,5,2,4,3,1,3,5,4,3,1,1,3,B.B. 女,"	30",C.C. 大专,E.E. 其它,E.E. 超过一个月才看一次,A.A. 喜剧,,,,,,G.G. 科幻,,,,4
202,7,7,7,6,7,7,7,7,7,6,6,7,5,5,5,5,5,5,5,5,5,5,5,5,5,5,5,5,1,5,5,5,4,4,4,4,B.B. 女,"	52",D.D. 本科,C.C. 政府/企事业单位,E.E. 超过一个月才看一次,,,,,,,,,,J.J. 剧情,4
201,5,6,6,4,4,4,4,6,2,6,6,4,3,4,5,2,4,3,3,4,4,4,4,3,4,4,4,2,1,2,2,4,3,3,1,3,B.B. 女,"	21",D.D. 本科,A.A. 学生,D.D. 至少每月一次,,,,,,F.F. 动画,G.G. 科幻,,,J.J. 剧情,3
200,5,6,7,5,7,6,5,6,6,5,5,6,5,5,5,5,5,5,5,5,5,4,4,4,4,4,4,4,4,4,4,4,4,4,4,4,B.B. 女,"	29",C.C. 大专,D.D. 自由职业,B.B. 至少每周一次,A.A. 喜剧,,,,,,,,,,5
199,3,3,3,2,2,1,5,4,4,6,6,5,3,5,5,2,4,4,4,4,2,4,5,4,4,2,4,4,1,2,4,2,2,3,1,2,B.B. 女,"	22",D.D. 本科,A.A. 学生,C.C. 至少每半个月一次,A.A. 喜剧,B.B. 爱情,,,,F.F. 动画,,,,J.J. 剧情,3
198,6,5,4,7,6,6,6,6,6,6,5,5,5,5,5,1,3,3,4,4,3,3,5,4,5,1,5,3,1,3,4,3,3,3,2,3,B.B. 女,"	21",E.E. 硕士,A.A. 学生,D.D. 至少每月一次,A.A. 喜剧,B.B. 爱情,C.C. 动作,D.D. 恐怖,E.E. 悬疑推理,F.F. 动画,G.G. 科幻,H.H. 战争,I.I. 历史,J.J. 剧情,4
197,1,1,1,5,6,4,5,4,3,7,7,4,2,5,5,5,5,2,2,5,5,2,2,5,5,4,4,1,1,3,4,4,5,2,1,5,B.B. 女,"	22",E.E. 硕士,A.A. 学生,E.E. 超过一个月才看一次,A.A. 喜剧,,,,,,,,,,3
196,2,3,3,2,3,2,5,5,5,6,6,6,4,5,5,4,4,3,2,5,5,5,5,4,4,4,4,2,1,3,3,4,1,1,2,1,B.B. 女,"	23",D.D. 本科,D.D. 自由职业,E.E. 超过一个月才看一次,A.A. 喜剧,,,,E.E. 悬疑推理,F.F. 动画,,,,J.J. 剧情,3
195,6,6,4,5,5,3,5,6,5,5,5,5,4,4,4,5,3,4,4,4,4,5,3,3,4,4,3,4,1,2,4,3,3,5,4,3,B.B. 女,"	22",D.D. 本科,A.A. 学生,C.C. 至少每半个月一次,A.A. 喜剧,B.B. 爱情,C.C. 动作,,,,,,,,3
194,6,6,5,4,4,3,6,6,4,5,5,5,3,4,4,2,3,3,3,4,2,3,3,3,3,2,3,3,1,3,4,2,3,3,2,2,A.A. 男,"	20",D.D. 本科,A.A. 学生,B.B. 至少每周一次,A.A. 喜剧,B.B. 爱情,,,,,G.G. 科幻,H.H. 战争,,,3
193,6,6,6,3,3,3,6,5,6,6,6,6,2,3,2,4,4,2,3,2,4,3,2,3,2,3,2,3,1,5,3,4,3,1,2,2,B.B. 女,"24
",E.E. 硕士,A.A. 学生,D.D. 至少每月一次,,,C.C. 动作,,,,G.G. 科幻,,,,3
192,6,6,4,5,6,3,7,7,5,5,5,4,4,5,5,3,4,4,3,3,4,4,5,5,5,3,4,4,1,2,4,3,4,3,2,4,B.B. 女,"	22",A.A. 高中及以下,A.A. 学生,B.B. 至少每周一次,,B.B. 爱情,,,,,G.G. 科幻,,,,4
191,2,2,2,4,4,3,5,6,4,6,6,5,4,5,5,2,3,2,3,4,1,3,4,4,4,1,2,1,1,3,5,2,3,1,1,4,B.B. 女,"	23",E.E. 硕士,A.A. 学生,C.C. 至少每半个月一次,A.A. 喜剧,B.B. 爱情,C.C. 动作,D.D. 恐怖,E.E. 悬疑推理,,G.G. 科幻,,,,3
190,5,5,6,4,4,4,6,6,5,6,6,4,3,4,4,4,4,3,3,3,3,3,3,4,3,4,4,3,1,3,4,4,4,3,3,3,A.A. 男,"	24",E.E. 硕士,A.A. 学生,E.E. 超过一个月才看一次,A.A. 喜剧,B.B. 爱情,,,,,G.G. 科幻,,I.I. 历史,,4
189,5,4,3,4,4,4,4,4,3,5,4,5,3,4,3,3,4,3,4,3,4,3,4,3,4,3,4,3,4,3,4,3,4,3,4,3,B.B. 女,"	18",D.D. 本科,A.A. 学生,B.B. 至少每周一次,,B.B. 爱情,,,,F.F. 动画,,,,,3
188,5,6,6,5,5,6,6,6,6,6,6,7,3,5,5,4,4,3,3,5,3,4,4,3,5,3,5,5,1,1,4,3,4,5,5,5,B.B. 女,"	21",D.D. 本科,A.A. 学生,A.A. 一周数次,A.A. 喜剧,B.B. 爱情,,,,,,,,,4
187,5,5,4,3,3,3,4,5,4,6,6,5,2,4,3,4,2,3,2,2,4,4,4,3,2,1,4,2,2,4,2,4,2,2,3,4,B.B. 女,"	24",E.E. 硕士,A.A. 学生,C.C. 至少每半个月一次,A.A. 喜剧,,C.C. 动作,,E.E. 悬疑推理,,G.G. 科幻,,,,3
186,6,4,3,5,4,3,6,4,6,6,6,4,4,5,3,5,3,5,2,3,4,3,5,3,4,2,4,2,4,2,4,2,4,2,3,5,A.A. 男,"	22",D.D. 本科,A.A. 学生,E.E. 超过一个月才看一次,A.A. 喜剧,B.B. 爱情,C.C. 动作,D.D. 恐怖,E.E. 悬疑推理,F.F. 动画,G.G. 科幻,H.H. 战争,I.I. 历史,J.J. 剧情,5
185,6,5,6,6,5,6,5,5,6,5,6,5,4,4,3,4,4,4,4,5,4,4,4,2,4,4,4,4,4,4,4,5,4,4,4,4,B.B. 女,"	22",D.D. 本科,B.B. 公司职员,B.B. 至少每周一次,,B.B. 爱情,,D.D. 恐怖,,,,,,,4
184,2,6,2,4,2,2,5,6,2,6,2,2,2,3,4,1,4,2,2,4,3,3,3,4,5,3,4,2,1,2,4,3,3,2,2,2,B.B. 女,"	19",D.D. 本科,A.A. 学生,D.D. 至少每月一次,A.A. 喜剧,B.B. 爱情,,,,F.F. 动画,G.G. 科幻,,,J.J. 剧情,3
183,3,2,1,5,5,1,4,4,1,4,4,2,2,3,4,2,2,1,1,3,3,2,3,4,3,2,3,2,1,4,3,3,2,1,2,2,B.B. 女,"	24",E.E. 硕士,A.A. 学生,E.E. 超过一个月才看一次,A.A. 喜剧,,,,,,,,,,3
182,4,5,4,6,6,4,5,5,4,3,3,3,2,4,5,3,5,3,2,3,3,4,4,3,4,2,3,2,1,2,4,2,3,2,2,4,B.B. 女,"	23",D.D. 本科,B.B. 公司职员,E.E. 超过一个月才看一次,A.A. 喜剧,,,,,,G.G. 科幻,,,J.J. 剧情,4
181,7,7,7,4,5,5,7,7,7,7,7,7,5,4,5,1,3,4,3,5,1,5,5,4,5,2,5,5,1,2,4,1,4,4,2,3,A.A. 男,"	27",D.D. 本科,B.B. 公司职员,B.B. 至少每周一次,,,C.C. 动作,,E.E. 悬疑推理,F.F. 动画,G.G. 科幻,H.H. 战争,,J.J. 剧情,4
180,3,2,1,6,6,1,5,5,1,7,7,3,3,4,5,4,5,3,3,4,5,3,4,3,4,4,4,3,1,2,3,4,4,4,3,3,B.B. 女,"	21",D.D. 本科,A.A. 学生,C.C. 至少每半个月一次,A.A. 喜剧,B.B. 爱情,C.C. 动作,,E.E. 悬疑推理,,,,,J.J. 剧情,3
179,5,6,6,6,6,4,6,6,6,6,6,5,4,5,5,5,5,4,3,4,5,3,4,4,4,4,4,3,1,4,4,4,3,2,2,2,B.B. 女,"	21",D.D. 本科,A.A. 学生,C.C. 至少每半个月一次,A.A. 喜剧,B.B. 爱情,,,,,,,,,4
178,5,5,6,5,6,5,6,5,4,6,6,5,3,3,4,2,3,4,4,4,3,4,3,4,5,2,3,3,1,3,3,3,4,5,2,4,B.B. 女,"	21",D.D. 本科,A.A. 学生,D.D. 至少每月一次,A.A. 喜剧,,C.C. 动作,,E.E. 悬疑推理,,,,,J.J. 剧情,3
177,3,3,3,3,3,3,4,5,4,4,4,4,3,4,5,3,4,3,3,3,4,3,3,4,4,4,4,3,1,2,3,3,2,2,2,3,B.B. 女,"20
",D.D. 本科,A.A. 学生,E.E. 超过一个月才看一次,,,,,,,,,,J.J. 剧情,3
176,3,3,3,3,3,3,5,5,5,6,6,6,2,3,4,2,3,2,2,4,2,4,2,4,4,2,3,2,1,3,4,2,3,2,2,2,B.B. 女,"	19",D.D. 本科,A.A. 学生,D.D. 至少每月一次,,B.B. 爱情,C.C. 动作,,E.E. 悬疑推理,,G.G. 科幻,H.H. 战争,I.I. 历史,J.J. 剧情,4
175,5,5,5,5,4,4,7,7,6,6,6,6,4,4,5,3,2,5,5,4,4,5,4,3,5,4,4,4,1,4,4,3,4,3,1,1,B.B. 女,"	23",E.E. 硕士,A.A. 学生,B.B. 至少每周一次,A.A. 喜剧,B.B. 爱情,,,E.E. 悬疑推理,,G.G. 科幻,,,,4
174,3,3,1,4,4,4,5,5,5,6,7,6,3,3,5,3,3,3,3,5,4,2,3,3,5,5,5,3,1,2,4,5,3,2,1,2,B.B. 女,"	19",D.D. 本科,A.A. 学生,E.E. 超过一个月才看一次,,,,,,F.F. 动画,G.G. 科幻,,,J.J. 剧情,3
173,6,6,4,6,6,5,6,6,6,6,6,5,3,4,4,3,5,4,4,4,3,4,4,3,4,3,4,4,1,4,3,3,3,3,3,3,B.B. 女,"23
",E.E. 硕士,A.A. 学生,D.D. 至少每月一次,A.A. 喜剧,B.B. 爱情,C.C. 动作,,E.E. 悬疑推理,F.F. 动画,,,,,3
172,6,6,4,4,3,3,5,5,4,5,4,4,2,3,4,3,4,2,2,3,2,4,3,3,3,2,3,3,1,2,3,2,4,3,2,2,B.B. 女,"	23",D.D. 本科,A.A. 学生,E.E. 超过一个月才看一次,A.A. 喜剧,,C.C. 动作,,,,G.G. 科幻,,,,3
171,2,2,4,2,4,3,1,4,4,2,3,4,2,3,3,2,2,3,2,3,3,3,3,2,3,3,2,3,2,3,2,3,2,3,2,3,B.B. 女,"	20",B.B. 中专、职高或技校,A.A. 学生,A.A. 一周数次,A.A. 喜剧,,,,,F.F. 动画,,,,,4
170,5,6,4,7,7,6,6,6,5,7,7,7,3,5,5,3,5,1,1,3,2,5,3,1,4,2,5,2,1,4,4,3,4,1,1,4,B.B. 女,"	24",E.E. 硕士,A.A. 学生,E.E. 超过一个月才看一次,A.A. 喜剧,,,,E.E. 悬疑推理,F.F. 动画,G.G. 科幻,,,J.J. 剧情,3
169,1,2,1,1,2,1,6,6,5,6,7,6,4,5,4,5,4,4,4,5,4,4,5,4,4,4,4,5,4,5,4,5,4,5,4,5,B.B. 女,"	20",D.D. 本科,A.A. 学生,A.A. 一周数次,A.A. 喜剧,,,,,,,,,,5
168,7,7,5,7,7,4,7,7,7,6,7,5,2,4,4,2,4,4,4,5,1,4,3,5,5,2,4,3,1,2,4,3,4,1,2,4,A.A. 男,"21
",D.D. 本科,A.A. 学生,D.D. 至少每月一次,,,C.C. 动作,,,F.F. 动画,G.G. 科幻,,,,4
167,5,6,4,6,6,5,6,5,6,6,6,5,4,4,4,3,4,3,2,4,4,3,4,4,4,4,4,3,1,4,4,4,4,3,5,4,B.B. 女,"	20",D.D. 本科,A.A. 学生,E.E. 超过一个月才看一次,A.A. 喜剧,,,D.D. 恐怖,E.E. 悬疑推理,,,,,J.J. 剧情,4
166,6,4,5,5,4,5,4,5,4,5,5,6,4,3,5,2,4,2,1,5,1,2,3,3,4,2,4,1,1,2,2,1,1,1,3,3,A.A. 男,"	19",D.D. 本科,A.A. 学生,E.E. 超过一个月才看一次,A.A. 喜剧,,C.C. 动作,,,F.F. 动画,G.G. 科幻,H.H. 战争,,,3
165,5,5,3,4,5,3,5,6,4,6,6,5,3,5,5,3,5,2,3,2,4,5,5,3,4,2,5,2,1,3,2,4,3,1,2,2,B.B. 女,"	23",E.E. 硕士,A.A. 学生,E.E. 超过一个月才看一次,,B.B. 爱情,,,,,,,,,4
164,6,5,4,6,4,6,6,5,6,6,5,6,4,4,5,2,4,1,2,4,2,1,2,3,3,1,4,2,1,4,4,3,4,1,4,1,A.A. 男,"	19",D.D. 本科,A.A. 学生,E.E. 超过一个月才看一次,A.A. 喜剧,,C.C. 动作,,,,G.G. 科幻,H.H. 战争,,,3
163,6,5,6,5,6,6,5,5,4,6,5,3,2,4,5,5,4,2,2,3,2,4,2,2,4,2,4,3,1,4,4,3,3,2,2,2,A.A. 男,"	19",D.D. 本科,A.A. 学生,E.E. 超过一个月才看一次,A.A. 喜剧,,C.C. 动作,D.D. 恐怖,,,G.G. 科幻,,,,3
162,7,7,7,5,5,4,5,5,4,6,6,4,3,2,4,2,4,2,4,3,3,4,3,3,3,3,4,4,1,5,4,3,3,3,4,3,A.A. 男,"	25",C.C. 大专,B.B. 公司职员,C.C. 至少每半个月一次,,,,D.D. 恐怖,E.E. 悬疑推理,,G.G. 科幻,H.H. 战争,,,3
161,3,3,2,5,4,4,6,7,5,7,7,7,5,4,3,5,4,5,5,3,4,5,5,3,4,3,4,4,1,4,5,4,5,4,4,5,B.B. 女,"	27",E.E. 硕士,B.B. 公司职员,C.C. 至少每半个月一次,A.A. 喜剧,B.B. 爱情,,,,,,H.H. 战争,I.I. 历史,J.J. 剧情,3
160,4,4,4,3,3,3,4,5,4,6,6,6,4,5,5,2,5,4,4,4,3,3,4,2,4,2,4,2,1,4,4,4,3,4,2,3,B.B. 女,"	27",D.D. 本科,B.B. 公司职员,C.C. 至少每半个月一次,A.A. 喜剧,B.B. 爱情,,,E.E. 悬疑推理,,G.G. 科幻,,,,3
159,4,5,3,4,3,2,5,7,5,7,7,7,3,4,5,3,5,2,2,5,3,2,5,4,5,2,4,5,1,4,4,5,4,2,4,4,B.B. 女,"	25",D.D. 本科,D.D. 自由职业,C.C. 至少每半个月一次,A.A. 喜剧,B.B. 爱情,,,E.E. 悬疑推理,,,,,,3
158,4,3,3,4,4,3,6,7,6,7,7,7,5,5,3,2,2,4,3,4,1,2,4,1,5,2,4,3,1,5,4,4,5,3,1,4,A.A. 男,"	28",E.E. 硕士,B.B. 公司职员,E.E. 超过一个月才看一次,A.A. 喜剧,B.B. 爱情,C.C. 动作,D.D. 恐怖,E.E. 悬疑推理,,G.G. 科幻,H.H. 战争,,J.J. 剧情,2
157,5,7,4,5,5,5,7,7,6,7,7,7,5,4,5,3,4,5,4,3,2,4,5,5,5,3,4,4,1,5,3,4,5,4,4,4,B.B. 女,"	24",D.D. 本科,A.A. 学生,D.D. 至少每月一次,A.A. 喜剧,B.B. 爱情,C.C. 动作,D.D. 恐怖,E.E. 悬疑推理,F.F. 动画,,,,,4
156,5,5,5,6,7,5,5,6,5,7,7,7,4,5,4,5,5,3,3,5,4,2,4,4,5,5,5,3,1,3,4,3,4,2,3,4,B.B. 女,"	24",D.D. 本科,A.A. 学生,D.D. 至少每月一次,A.A. 喜剧,B.B. 爱情,,,E.E. 悬疑推理,F.F. 动画,,,I.I. 历史,J.J. 剧情,4
155,4,4,4,4,6,4,5,6,6,5,6,4,3,3,3,4,3,4,3,3,3,3,3,2,3,1,2,2,1,3,3,2,2,1,2,3,B.B. 女,"	23",D.D. 本科,A.A. 学生,E.E. 超过一个月才看一次,A.A. 喜剧,,,,E.E. 悬疑推理,F.F. 动画,G.G. 科幻,,I.I. 历史,,3
154,3,3,5,1,5,4,5,2,5,4,4,4,2,1,1,3,2,1,1,1,3,3,3,3,4,4,2,4,3,3,3,3,4,3,2,4,B.B. 女,"	22",D.D. 本科,A.A. 学生,A.A. 一周数次,A.A. 喜剧,,,,,,,,,,3
153,5,5,5,4,5,5,5,5,5,5,5,6,4,4,4,3,4,3,2,3,4,4,3,4,4,4,4,3,1,3,3,4,4,3,3,4,B.B. 女,"	21",D.D. 本科,A.A. 学生,D.D. 至少每月一次,,,,D.D. 恐怖,E.E. 悬疑推理,F.F. 动画,G.G. 科幻,,,J.J. 剧情,4
152,4,5,6,4,5,6,4,6,5,5,4,6,3,3,4,3,4,4,4,5,5,5,5,4,4,5,5,4,5,4,5,5,4,4,3,5,A.A. 男,"22
",D.D. 本科,C.C. 政府/企事业单位,D.D. 至少每月一次,,,,,,,,,I.I. 历史,,3
151,4,4,3,6,6,4,6,6,4,7,7,4,3,3,4,4,3,4,4,4,3,3,4,4,4,3,3,3,1,4,3,3,4,5,2,4,B.B. 女,"	22",D.D. 本科,A.A. 学生,D.D. 至少每月一次,,B.B. 爱情,,,E.E. 悬疑推理,F.F. 动画,,,,,4
150,4,3,1,5,6,2,5,6,6,6,6,3,2,5,4,4,4,1,2,2,5,3,4,5,3,4,5,2,1,1,3,5,3,2,3,3,A.A. 男,"	22",D.D. 本科,A.A. 学生,D.D. 至少每月一次,,B.B. 爱情,C.C. 动作,,,,G.G. 科幻,,,,3
149,7,7,7,4,5,4,5,5,5,6,6,6,4,5,5,5,3,5,3,3,4,5,5,5,4,4,5,3,1,1,2,4,5,3,1,3,B.B. 女,"	21",D.D. 本科,A.A. 学生,C.C. 至少每半个月一次,A.A. 喜剧,,C.C. 动作,,E.E. 悬疑推理,,G.G. 科幻,H.H. 战争,,J.J. 剧情,4
148,7,7,6,5,5,4,6,6,5,6,6,5,4,5,4,3,4,2,1,3,4,3,3,5,3,4,4,2,1,4,3,3,2,1,3,1,A.A. 男,"	22",D.D. 本科,A.A. 学生,E.E. 超过一个月才看一次,A.A. 喜剧,B.B. 爱情,,,,,,,,J.J. 剧情,3
147,5,4,6,5,6,5,5,5,7,6,6,7,5,4,5,1,1,4,3,5,1,1,4,3,4,4,4,5,1,4,5,1,3,3,3,3,A.A. 男,"	22",E.E. 硕士,A.A. 学生,E.E. 超过一个月才看一次,A.A. 喜剧,B.B. 爱情,,,,,,,,,4
146,4,7,6,5,5,4,6,7,6,7,7,7,3,5,4,4,5,2,3,4,4,2,5,5,5,3,3,2,1,3,3,3,1,1,3,2,B.B. 女,"	24",E.E. 硕士,A.A. 学生,E.E. 超过一个月才看一次,A.A. 喜剧,,,,E.E. 悬疑推理,,G.G. 科幻,,,,4
145,6,5,4,4,3,2,6,6,5,5,4,3,2,4,5,2,3,1,2,3,3,4,3,4,3,2,4,3,1,2,3,2,3,2,1,3,B.B. 女,"	26",D.D. 本科,B.B. 公司职员,C.C. 至少每半个月一次,,,,,E.E. 悬疑推理,F.F. 动画,G.G. 科幻,,,,4
144,3,5,6,6,5,5,6,6,5,5,4,6,4,5,5,5,4,2,3,3,4,3,4,4,3,4,4,4,4,3,4,3,3,4,4,3,B.B. 女,"24

",E.E. 硕士,A.A. 学生,B.B. 至少每周一次,A.A. 喜剧,B.B. 爱情,,,,,,,,,3
143,6,6,5,5,5,5,6,6,5,7,7,5,5,5,4,5,5,4,4,4,4,4,5,4,4,5,5,3,1,3,3,4,2,1,3,1,B.B. 女,"	24",E.E. 硕士,A.A. 学生,E.E. 超过一个月才看一次,A.A. 喜剧,B.B. 爱情,C.C. 动作,,E.E. 悬疑推理,F.F. 动画,G.G. 科幻,,,,4
142,4,4,4,4,4,4,4,4,4,4,4,4,1,4,4,3,4,3,2,2,4,4,3,3,3,3,3,3,3,3,3,3,3,3,3,3,B.B. 女,"	21",C.C. 大专,A.A. 学生,E.E. 超过一个月才看一次,A.A. 喜剧,,,,,F.F. 动画,,,,,3
141,2,3,3,2,2,3,4,4,4,5,5,5,3,3,3,4,3,4,3,3,4,3,3,3,3,3,3,3,3,3,3,3,3,3,4,4,B.B. 女,"	21",D.D. 本科,A.A. 学生,E.E. 超过一个月才看一次,A.A. 喜剧,B.B. 爱情,,D.D. 恐怖,E.E. 悬疑推理,,G.G. 科幻,,,J.J. 剧情,3
140,3,5,4,4,4,4,4,4,5,4,5,6,2,3,5,2,3,3,2,4,3,3,2,4,4,2,3,3,2,3,4,2,3,3,1,5,A.A. 男,"	23",D.D. 本科,A.A. 学生,D.D. 至少每月一次,,B.B. 爱情,,,,F.F. 动画,,,I.I. 历史,,5
139,5,4,3,4,3,3,5,6,4,7,7,5,3,4,3,2,2,3,4,4,2,3,3,3,4,2,3,3,1,4,4,2,3,3,2,3,B.B. 女,"	25",D.D. 本科,B.B. 公司职员,D.D. 至少每月一次,A.A. 喜剧,,,,,,G.G. 科幻,,,,3
138,5,5,5,3,3,3,6,6,6,5,6,5,3,4,4,3,3,3,4,4,3,4,4,4,4,3,4,3,1,4,4,3,3,3,3,3,B.B. 女,"24
",E.E. 硕士,A.A. 学生,E.E. 超过一个月才看一次,,B.B. 爱情,,,E.E. 悬疑推理,,,,,,4
137,2,2,1,3,2,1,6,5,6,6,5,4,4,5,4,4,2,3,2,3,2,4,4,5,5,2,3,2,1,4,3,2,2,3,2,3,B.B. 女,"	23",D.D. 本科,C.C. 政府/企事业单位,E.E. 超过一个月才看一次,A.A. 喜剧,B.B. 爱情,,,E.E. 悬疑推理,,G.G. 科幻,,I.I. 历史,J.J. 剧情,3
136,6,6,6,4,4,3,4,5,4,5,6,3,3,3,4,2,3,4,3,4,3,3,4,4,4,2,3,2,1,3,4,2,4,5,3,4,A.A. 男,"	24",D.D. 本科,B.B. 公司职员,D.D. 至少每月一次,A.A. 喜剧,B.B. 爱情,C.C. 动作,,,,G.G. 科幻,,I.I. 历史,,3
135,6,5,5,6,5,5,6,6,6,5,6,5,4,3,4,3,4,4,4,4,2,4,4,4,4,3,2,4,1,3,4,3,4,3,2,4,B.B. 女,"	26",E.E. 硕士,A.A. 学生,C.C. 至少每半个月一次,A.A. 喜剧,B.B. 爱情,C.C. 动作,,E.E. 悬疑推理,,,H.H. 战争,I.I. 历史,J.J. 剧情,4
134,6,6,6,5,5,4,6,6,6,7,7,7,4,5,5,5,3,4,4,5,2,4,5,2,4,2,4,4,1,3,4,2,4,4,2,3,B.B. 女,"	24",E.E. 硕士,A.A. 学生,E.E. 超过一个月才看一次,A.A. 喜剧,B.B. 爱情,C.C. 动作,,E.E. 悬疑推理,,,H.H. 战争,I.I. 历史,,4
133,5,6,4,5,5,5,4,5,3,4,3,3,3,4,5,3,4,3,4,4,3,4,3,5,5,3,5,4,1,3,4,2,4,2,2,4,B.B. 女,"	23",E.E. 硕士,A.A. 学生,C.C. 至少每半个月一次,A.A. 喜剧,B.B. 爱情,,,,,,,,J.J. 剧情,4
132,6,5,3,4,5,3,6,6,6,6,6,6,4,4,4,4,4,2,2,3,4,4,3,4,4,4,4,4,1,3,3,4,4,4,4,2,B.B. 女,"	19",D.D. 本科,A.A. 学生,B.B. 至少每周一次,A.A. 喜剧,B.B. 爱情,,,,F.F. 动画,,,I.I. 历史,J.J. 剧情,3
131,5,5,4,4,4,4,5,6,5,6,6,6,4,5,4,2,3,3,3,4,2,4,4,4,4,4,4,4,4,4,4,4,4,4,4,4,A.A. 男,"	24",E.E. 硕士,A.A. 学生,C.C. 至少每半个月一次,,B.B. 爱情,,D.D. 恐怖,E.E. 悬疑推理,,,,,,3
130,4,5,4,5,5,5,5,4,5,5,4,4,4,3,3,3,4,4,3,4,3,4,3,4,3,4,4,3,1,3,4,3,4,3,3,3,A.A. 男,"	21",D.D. 本科,A.A. 学生,E.E. 超过一个月才看一次,,,C.C. 动作,,,,,,,,3
129,5,4,5,6,6,5,5,4,4,5,4,5,4,3,4,3,3,4,3,4,3,3,4,3,4,3,4,3,3,4,3,4,4,3,3,4,A.A. 男,"	22",D.D. 本科,A.A. 学生,E.E. 超过一个月才看一次,,,C.C. 动作,,,,,,,,3
128,3,3,3,4,3,3,4,4,4,6,5,6,4,5,4,2,3,3,3,3,2,3,4,3,5,2,3,2,1,3,4,4,3,4,2,3,B.B. 女,"	25",E.E. 硕士,B.B. 公司职员,D.D. 至少每月一次,A.A. 喜剧,B.B. 爱情,,,E.E. 悬疑推理,,,,,,3
127,1,4,4,4,4,4,6,6,6,4,4,4,3,4,5,1,2,3,3,4,1,3,3,3,4,1,4,1,1,4,4,1,3,1,2,3,B.B. 女,"	26",D.D. 本科,B.B. 公司职员,E.E. 超过一个月才看一次,,,,,,F.F. 动画,G.G. 科幻,H.H. 战争,I.I. 历史,,3
126,7,7,7,6,6,6,7,7,7,6,7,7,5,4,5,5,5,5,5,5,4,4,5,5,5,4,4,4,4,4,4,5,5,4,4,5,A.A. 男,"	58",C.C. 大专,B.B. 公司职员,E.E. 超过一个月才看一次,,,,,,,,,I.I. 历史,,4
125,6,3,4,3,3,1,5,5,3,7,7,6,3,3,4,2,2,4,3,4,1,3,4,1,5,2,3,2,1,2,3,3,4,4,3,1,B.B. 女,"	21",D.D. 本科,A.A. 学生,C.C. 至少每半个月一次,A.A. 喜剧,,,D.D. 恐怖,E.E. 悬疑推理,F.F. 动画,,,,,3
124,4,2,1,2,1,1,5,4,2,5,2,4,2,4,3,3,4,3,2,4,3,3,2,4,4,3,4,4,1,5,4,3,3,2,4,3,B.B. 女,"	21",D.D. 本科,A.A. 学生,B.B. 至少每周一次,A.A. 喜剧,B.B. 爱情,,,,F.F. 动画,,,,J.J. 剧情,2
123,5,6,5,3,2,1,6,5,4,4,4,4,4,3,5,2,3,4,4,5,2,4,4,3,5,1,3,3,1,4,5,1,4,4,2,3,B.B. 女,"	22",D.D. 本科,A.A. 学生,C.C. 至少每半个月一次,A.A. 喜剧,,,,E.E. 悬疑推理,F.F. 动画,,,I.I. 历史,,4
122,7,7,7,7,7,7,6,7,7,7,7,7,5,5,5,5,5,5,5,5,3,4,5,5,5,3,3,5,1,5,5,3,3,4,4,5,B.B. 女,"	52",D.D. 本科,E.E. 其它,E.E. 超过一个月才看一次,A.A. 喜剧,,,,E.E. 悬疑推理,,,,,,4
121,1,1,1,1,1,1,1,1,1,1,1,1,5,5,5,5,5,5,5,5,5,5,5,5,5,5,5,5,1,5,3,4,2,4,3,4,B.B. 女,"	23",C.C. 大专,B.B. 公司职员,C.C. 至少每半个月一次,,B.B. 爱情,,,E.E. 悬疑推理,,,,,J.J. 剧情,5
120,6,4,1,6,7,2,7,7,7,6,6,4,5,5,5,5,5,5,4,5,5,1,5,1,5,5,5,4,1,2,3,5,3,5,2,2,B.B. 女,"	20",D.D. 本科,A.A. 学生,C.C. 至少每半个月一次,A.A. 喜剧,B.B. 爱情,,,,F.F. 动画,G.G. 科幻,,,J.J. 剧情,4
119,7,6,7,6,6,7,6,7,6,6,7,6,4,5,4,4,4,5,4,5,1,5,4,5,5,2,5,4,1,5,4,1,5,5,4,4,A.A. 男,"	32",D.D. 本科,C.C. 政府/企事业单位,B.B. 至少每周一次,,,C.C. 动作,D.D. 恐怖,E.E. 悬疑推理,,,H.H. 战争,I.I. 历史,,5
118,4,2,2,5,4,4,6,6,5,4,4,3,5,4,5,3,4,4,4,3,4,5,3,4,4,3,4,3,1,3,4,3,4,3,2,4,B.B. 女,"	22",D.D. 本科,A.A. 学生,B.B. 至少每周一次,A.A. 喜剧,B.B. 爱情,,,E.E. 悬疑推理,,,,I.I. 历史,,3
117,7,7,5,6,6,5,6,7,6,6,5,5,4,5,4,5,5,4,5,4,4,5,4,5,3,5,3,4,1,4,3,5,4,3,5,4,A.A. 男,"	23",D.D. 本科,B.B. 公司职员,B.B. 至少每周一次,A.A. 喜剧,,,,,F.F. 动画,G.G. 科幻,,,,5
116,3,6,4,5,6,4,6,5,7,6,4,5,4,3,5,4,5,2,4,3,4,5,3,4,3,5,4,3,5,3,4,4,3,4,2,4,B.B. 女,"	21",D.D. 本科,C.C. 政府/企事业单位,B.B. 至少每周一次,,B.B. 爱情,,D.D. 恐怖,,,G.G. 科幻,H.H. 战争,,,4
115,7,5,3,5,6,4,6,3,4,5,4,5,4,4,2,3,4,4,3,3,4,3,3,4,3,2,4,3,3,4,3,4,3,5,4,3,B.B. 女,"	25",D.D. 本科,C.C. 政府/企事业单位,B.B. 至少每周一次,,B.B. 爱情,,,E.E. 悬疑推理,,,,,,4
114,6,6,5,7,6,5,6,5,7,6,7,5,5,4,5,4,5,4,5,4,3,4,3,4,3,3,3,3,1,3,3,3,4,2,3,4,B.B. 女,"	20",D.D. 本科,A.A. 学生,B.B. 至少每周一次,A.A. 喜剧,B.B. 爱情,,,E.E. 悬疑推理,,,,,J.J. 剧情,4
113,6,6,4,5,4,6,5,3,6,4,4,6,4,5,3,4,3,2,4,5,3,3,4,5,4,3,3,4,4,3,3,4,2,3,4,3,B.B. 女,"	25",D.D. 本科,B.B. 公司职员,C.C. 至少每半个月一次,,B.B. 爱情,,,,,,H.H. 战争,,,4
112,6,3,6,7,5,3,7,6,5,3,6,4,5,2,3,4,5,3,2,4,5,4,3,5,2,4,5,2,3,5,3,2,4,4,3,4,B.B. 女,"	27",C.C. 大专,B.B. 公司职员,B.B. 至少每周一次,A.A. 喜剧,,,D.D. 恐怖,,F.F. 动画,,,,,5
111,3,2,3,2,1,1,5,5,6,5,6,5,4,5,4,5,4,4,5,4,4,5,4,4,5,2,4,5,4,5,4,2,4,5,4,4,B.B. 女,"	25",D.D. 本科,B.B. 公司职员,B.B. 至少每周一次,A.A. 喜剧,B.B. 爱情,C.C. 动作,,,,,,,,4
110,7,7,7,7,7,7,7,7,7,7,7,7,3,5,4,5,5,5,4,5,4,5,4,4,5,4,4,4,1,3,4,4,4,3,1,4,A.A. 男,"	56",A.A. 高中及以下,B.B. 公司职员,E.E. 超过一个月才看一次,,,,,,,,H.H. 战争,,,4
109,7,4,6,7,5,6,7,5,6,7,5,6,5,4,4,5,5,4,5,4,5,4,5,4,5,4,5,4,5,4,5,4,5,4,5,4,B.B. 女,"	27",D.D. 本科,B.B. 公司职员,A.A. 一周数次,A.A. 喜剧,B.B. 爱情,,D.D. 恐怖,E.E. 悬疑推理,F.F. 动画,G.G. 科幻,H.H. 战争,I.I. 历史,,5
108,5,6,5,6,7,6,6,5,6,6,7,6,4,5,5,1,3,5,4,5,1,5,4,3,5,1,2,5,1,2,5,1,4,5,3,3,A.A. 男,"	25",D.D. 本科,B.B. 公司职员,C.C. 至少每半个月一次,A.A. 喜剧,B.B. 爱情,C.C. 动作,D.D. 恐怖,E.E. 悬疑推理,F.F. 动画,G.G. 科幻,H.H. 战争,I.I. 历史,J.J. 剧情,4
107,5,6,7,5,7,5,6,5,6,5,7,5,4,5,3,4,5,4,3,4,2,4,5,2,4,2,4,2,1,4,5,4,3,4,3,4,A.A. 男,"	30",D.D. 本科,B.B. 公司职员,B.B. 至少每周一次,,B.B. 爱情,C.C. 动作,,,,,,I.I. 历史,,4
106,5,5,4,7,7,5,6,7,6,7,7,7,5,2,5,3,4,1,1,4,4,3,3,5,2,2,4,3,5,4,3,3,4,4,2,4,A.A. 男,"	26",E.E. 硕士,C.C. 政府/企事业单位,C.C. 至少每半个月一次,,,C.C. 动作,,,,,H.H. 战争,,J.J. 剧情,5
105,5,6,6,4,5,5,5,6,6,6,6,7,4,5,5,4,4,5,4,4,5,4,4,4,5,5,4,4,1,2,5,3,3,3,2,2,B.B. 女,"	21",C.C. 大专,A.A. 学生,B.B. 至少每周一次,A.A. 喜剧,B.B. 爱情,C.C. 动作,,E.E. 悬疑推理,,,H.H. 战争,I.I. 历史,,5
104,5,6,6,4,5,5,5,6,6,5,5,6,4,5,5,4,4,5,4,4,5,4,5,4,5,5,4,4,1,2,5,3,4,4,2,4,B.B. 女,"	22",D.D. 本科,A.A. 学生,A.A. 一周数次,A.A. 喜剧,B.B. 爱情,C.C. 动作,,E.E. 悬疑推理,,,H.H. 战争,I.I. 历史,,5
103,4,5,5,3,3,3,6,6,6,7,7,7,3,5,3,4,5,3,2,1,2,4,3,3,2,3,5,3,1,3,2,4,5,4,2,3,B.B. 女,"	19",D.D. 本科,A.A. 学生,E.E. 超过一个月才看一次,,,C.C. 动作,,E.E. 悬疑推理,,G.G. 科幻,H.H. 战争,I.I. 历史,J.J. 剧情,3
102,5,4,5,5,6,5,4,6,5,7,5,6,3,4,3,4,3,4,3,4,3,4,3,4,3,4,3,4,3,4,3,4,3,4,3,4,B.B. 女,"	21",C.C. 大专,A.A. 学生,E.E. 超过一个月才看一次,A.A. 喜剧,B.B. 爱情,,,,F.F. 动画,,,,J.J. 剧情,4
101,3,2,1,1,2,1,7,7,6,5,6,5,5,5,4,2,3,4,5,3,3,2,5,5,5,3,5,5,1,2,3,2,2,1,1,4,B.B. 女,"	19",D.D. 本科,A.A. 学生,D.D. 至少每月一次,A.A. 喜剧,B.B. 爱情,C.C. 动作,,E.E. 悬疑推理,F.F. 动画,G.G. 科幻,,,J.J. 剧情,5
100,5,6,6,5,4,5,7,7,6,6,7,7,4,5,4,3,4,4,3,4,3,4,5,4,4,5,5,4,1,2,4,3,4,2,3,2,B.B. 女,"	28",D.D. 本科,B.B. 公司职员,C.C. 至少每半个月一次,A.A. 喜剧,B.B. 爱情,C.C. 动作,,E.E. 悬疑推理,,,,,J.J. 剧情,3
99,5,6,6,6,6,7,5,5,6,7,6,6,4,5,4,3,4,4,4,5,2,5,5,3,5,1,5,5,1,4,5,2,5,4,2,2,B.B. 女,"	28",D.D. 本科,B.B. 公司职员,C.C. 至少每半个月一次,A.A. 喜剧,,C.C. 动作,,E.E. 悬疑推理,,,,,,4
98,5,6,5,6,4,6,5,6,5,5,6,7,4,5,4,5,3,4,3,4,5,4,5,2,4,2,4,3,1,4,3,2,4,2,3,4,A.A. 男,"	30",D.D. 本科,B.B. 公司职员,B.B. 至少每周一次,A.A. 喜剧,B.B. 爱情,C.C. 动作,,,,,,,,4
97,2,4,2,2,4,3,3,5,2,2,5,3,1,3,2,2,4,1,3,1,4,1,3,1,3,2,3,1,3,2,4,1,3,1,2,1,A.A. 男,"	21",C.C. 大专,A.A. 学生,E.E. 超过一个月才看一次,,B.B. 爱情,,,E.E. 悬疑推理,,,,I.I. 历史,,3
96,6,5,6,3,2,3,5,5,6,6,7,6,4,4,5,4,4,2,2,4,2,2,4,5,4,2,2,4,1,4,5,2,2,4,2,4,B.B. 女,"	21",D.D. 本科,A.A. 学生,D.D. 至少每月一次,A.A. 喜剧,B.B. 爱情,,,E.E. 悬疑推理,,,,,,4
95,5,6,6,4,5,4,6,6,7,6,6,7,5,5,5,4,3,4,5,5,4,5,5,4,4,3,4,3,1,4,4,2,3,4,2,4,A.A. 男,"	22",D.D. 本科,A.A. 学生,B.B. 至少每周一次,A.A. 喜剧,B.B. 爱情,C.C. 动作,D.D. 恐怖,E.E. 悬疑推理,F.F. 动画,G.G. 科幻,H.H. 战争,I.I. 历史,J.J. 剧情,4
94,7,5,6,6,7,6,2,1,2,6,7,7,5,4,4,3,4,5,4,5,2,5,4,5,5,3,5,4,1,5,4,4,5,4,5,4,B.B. 女,"	26",D.D. 本科,B.B. 公司职员,C.C. 至少每半个月一次,,B.B. 爱情,,,E.E. 悬疑推理,,,H.H. 战争,,,5
93,5,7,6,3,1,2,6,7,6,6,7,5,5,4,4,5,4,5,4,5,2,5,4,5,4,3,5,4,1,4,4,5,4,5,4,5,B.B. 女,"	25",D.D. 本科,B.B. 公司职员,D.D. 至少每月一次,,B.B. 爱情,C.C. 动作,,,,,,,,4
92,7,6,7,7,6,6,7,6,7,6,4,6,5,3,5,3,5,4,5,2,5,4,2,4,3,4,2,5,2,4,4,5,5,3,5,4,A.A. 男,"	25",F.F. 博士及以上,C.C. 政府/企事业单位,C.C. 至少每半个月一次,,B.B. 爱情,,D.D. 恐怖,,,,H.H. 战争,,,5
91,2,4,4,5,6,5,5,6,6,6,6,6,2,5,5,3,1,2,2,5,1,3,5,3,5,1,4,3,1,2,5,1,3,5,3,5,B.B. 女,"	48",B.B. 中专、职高或技校,D.D. 自由职业,E.E. 超过一个月才看一次,A.A. 喜剧,,,,,,,,I.I. 历史,J.J. 剧情,5
90,5,4,4,5,6,4,6,7,6,7,6,5,3,4,4,3,4,4,3,4,3,5,5,4,4,2,3,3,1,4,4,5,4,2,3,3,B.B. 女,"	27",D.D. 本科,B.B. 公司职员,C.C. 至少每半个月一次,A.A. 喜剧,,,,E.E. 悬疑推理,,,H.H. 战争,,,3
89,6,6,5,3,3,2,6,7,6,7,7,7,4,5,4,4,4,1,2,3,4,5,5,4,3,3,4,1,1,4,4,4,4,3,2,3,B.B. 女,"	26",D.D. 本科,B.B. 公司职员,C.C. 至少每半个月一次,A.A. 喜剧,,C.C. 动作,,E.E. 悬疑推理,,G.G. 科幻,,,,4
88,5,5,5,5,5,5,6,6,6,6,6,6,4,4,5,4,5,4,4,5,3,4,5,3,5,4,4,5,1,3,4,3,4,3,4,4,A.A. 男,"	49",C.C. 大专,E.E. 其它,E.E. 超过一个月才看一次,,,,,,,,H.H. 战争,,,5
87,5,4,5,5,6,5,4,5,4,6,5,5,4,3,2,4,2,3,3,4,4,3,4,3,4,2,4,3,4,3,4,4,2,4,3,4,A.A. 男,"	26",D.D. 本科,B.B. 公司职员,D.D. 至少每月一次,A.A. 喜剧,B.B. 爱情,,,,F.F. 动画,,,,,4
86,4,5,5,5,7,5,5,6,6,6,7,5,3,4,4,2,3,2,2,4,5,3,2,4,4,5,5,3,1,5,3,5,4,4,3,3,B.B. 女,"	23",C.C. 大专,D.D. 自由职业,C.C. 至少每半个月一次,A.A. 喜剧,B.B. 爱情,,,E.E. 悬疑推理,,,H.H. 战争,,,4
85,5,6,5,5,7,5,6,5,7,6,7,5,5,4,5,4,5,4,5,4,5,4,5,4,5,4,5,4,1,5,4,3,4,5,4,5,A.A. 男,"	21",D.D. 本科,A.A. 学生,B.B. 至少每周一次,,B.B. 爱情,C.C. 动作,,,F.F. 动画,G.G. 科幻,,,,3
84,7,7,4,7,6,4,4,7,4,4,5,1,1,5,5,1,4,1,1,5,4,1,1,1,5,4,4,1,1,5,5,5,4,1,5,3,B.B. 女,"	31",A.A. 高中及以下,E.E. 其它,A.A. 一周数次,A.A. 喜剧,,,D.D. 恐怖,E.E. 悬疑推理,,,,,,5
83,6,7,6,5,6,5,5,3,3,7,7,6,4,5,5,4,5,4,4,5,2,5,4,4,5,2,4,4,1,2,4,2,4,4,1,4,A.A. 男,"	28",E.E. 硕士,B.B. 公司职员,D.D. 至少每月一次,A.A. 喜剧,B.B. 爱情,C.C. 动作,,E.E. 悬疑推理,,,H.H. 战争,I.I. 历史,,4
82,5,5,4,4,3,4,6,5,5,5,6,6,4,5,4,5,3,4,4,5,3,4,4,5,4,2,4,3,1,3,4,3,4,2,4,4,B.B. 女,"	21",D.D. 本科,C.C. 政府/企事业单位,C.C. 至少每半个月一次,A.A. 喜剧,B.B. 爱情,C.C. 动作,,,,,,,,4
81,6,6,4,3,3,2,6,7,5,7,7,7,4,5,4,4,4,2,2,3,4,5,4,4,3,3,4,2,1,5,3,4,4,3,2,3,B.B. 女,"	26",D.D. 本科,B.B. 公司职员,C.C. 至少每半个月一次,A.A. 喜剧,,C.C. 动作,,E.E. 悬疑推理,,G.G. 科幻,,,,4
80,5,6,6,5,4,4,5,7,6,6,5,5,4,5,4,3,2,5,4,5,2,4,5,1,4,2,4,5,1,2,4,2,5,4,2,4,B.B. 女,"	25",C.C. 大专,B.B. 公司职员,D.D. 至少每月一次,,,,,E.E. 悬疑推理,,G.G. 科幻,H.H. 战争,,,4
79,5,4,6,4,6,4,4,6,5,6,4,6,4,4,3,4,3,4,4,3,4,3,4,3,4,5,3,4,3,4,3,4,3,4,3,4,A.A. 男,"	18",E.E. 硕士,C.C. 政府/企事业单位,B.B. 至少每周一次,,,C.C. 动作,,,,,,I.I. 历史,,4
78,5,5,6,3,3,2,6,6,7,7,5,6,4,3,5,3,3,3,2,4,3,3,2,4,4,3,3,3,1,4,3,3,2,2,2,2,B.B. 女,"	23",E.E. 硕士,A.A. 学生,E.E. 超过一个月才看一次,,B.B. 爱情,,,E.E. 悬疑推理,F.F. 动画,,,,,2
77,6,6,6,5,4,5,6,6,6,7,7,7,4,4,4,4,2,3,4,4,1,3,4,3,4,2,4,2,1,3,3,3,3,3,3,3,A.A. 男,"	23",E.E. 硕士,A.A. 学生,D.D. 至少每月一次,A.A. 喜剧,,C.C. 动作,,,,G.G. 科幻,,,,3
76,5,5,5,5,5,5,6,6,6,6,6,6,3,4,4,2,2,3,3,3,2,3,3,3,4,2,3,2,1,3,2,1,2,2,3,2,B.B. 女,"	35",B.B. 中专、职高或技校,D.D. 自由职业,E.E. 超过一个月才看一次,,B.B. 爱情,,,E.E. 悬疑推理,,,,,J.J. 剧情,4
75,3,3,3,3,3,3,5,5,4,5,5,4,2,4,4,4,4,3,4,3,4,5,3,4,4,4,4,3,1,4,3,1,4,3,2,3,B.B. 女,"	21",D.D. 本科,A.A. 学生,C.C. 至少每半个月一次,,,,,E.E. 悬疑推理,F.F. 动画,G.G. 科幻,,,J.J. 剧情,3
74,6,6,6,5,5,5,5,5,5,7,6,6,4,4,5,4,1,5,3,5,1,4,3,3,5,1,3,4,5,3,5,1,3,4,3,5,A.A. 男,"	41",B.B. 中专、职高或技校,E.E. 其它,D.D. 至少每月一次,A.A. 喜剧,,,,,,,,,,3
73,3,2,2,5,6,2,5,7,6,4,4,6,3,4,4,5,4,3,4,3,3,3,4,4,2,2,2,2,1,3,1,5,2,3,3,2,B.B. 女,"	23",D.D. 本科,E.E. 其它,E.E. 超过一个月才看一次,A.A. 喜剧,,C.C. 动作,,,,,,,J.J. 剧情,3
72,4,4,4,4,5,4,4,4,1,6,6,5,3,4,4,3,1,2,3,5,4,4,4,3,5,4,4,4,1,1,3,2,3,2,1,1,B.B. 女,"	23",E.E. 硕士,A.A. 学生,C.C. 至少每半个月一次,A.A. 喜剧,B.B. 爱情,C.C. 动作,,E.E. 悬疑推理,,,,,J.J. 剧情,2
71,2,4,2,4,7,2,5,6,2,5,6,2,3,4,5,2,4,3,4,4,2,4,4,4,4,2,4,3,1,2,3,3,4,3,1,1,B.B. 女,"	31",D.D. 本科,D.D. 自由职业,A.A. 一周数次,A.A. 喜剧,,,,,F.F. 动画,,,,J.J. 剧情,3
70,3,4,4,3,4,3,7,5,4,7,7,5,3,5,4,3,4,2,3,2,4,4,5,3,2,5,5,2,1,4,2,4,4,2,1,4,B.B. 女,"	22",E.E. 硕士,A.A. 学生,D.D. 至少每月一次,,,,,E.E. 悬疑推理,,G.G. 科幻,,,J.J. 剧情,4
69,4,3,2,5,5,4,6,6,6,6,6,5,4,5,4,3,3,3,3,3,3,4,4,4,4,2,3,3,3,4,3,3,2,3,2,4,B.B. 女,"	21",D.D. 本科,A.A. 学生,E.E. 超过一个月才看一次,A.A. 喜剧,B.B. 爱情,,,E.E. 悬疑推理,,,,,,3
68,3,2,2,5,6,4,6,5,4,7,7,5,4,5,5,5,5,4,3,4,4,4,5,2,4,2,4,3,1,1,4,4,4,5,1,1,B.B. 女,"	21",D.D. 本科,A.A. 学生,E.E. 超过一个月才看一次,A.A. 喜剧,,C.C. 动作,,,,G.G. 科幻,,,,3
67,5,3,3,6,6,5,4,4,4,5,3,5,5,2,5,3,4,4,3,4,2,4,4,3,5,2,4,4,1,2,4,3,4,5,2,2,B.B. 女,"	21",D.D. 本科,A.A. 学生,D.D. 至少每月一次,A.A. 喜剧,,,,,F.F. 动画,,,I.I. 历史,,3
66,5,5,3,4,4,4,4,4,4,4,4,4,4,4,4,4,4,4,3,4,4,4,4,4,4,1,4,2,1,4,4,2,4,2,3,4,B.B. 女,"	21",D.D. 本科,A.A. 学生,D.D. 至少每月一次,A.A. 喜剧,B.B. 爱情,C.C. 动作,,E.E. 悬疑推理,F.F. 动画,,,,J.J. 剧情,3
65,6,5,6,6,6,5,5,6,5,5,5,4,4,4,4,4,3,4,4,4,3,4,4,2,4,2,4,4,1,4,4,2,4,4,4,4,B.B. 女,"	20",D.D. 本科,A.A. 学生,E.E. 超过一个月才看一次,A.A. 喜剧,B.B. 爱情,,,,,G.G. 科幻,,,,3
64,7,7,7,4,4,4,4,4,4,5,5,5,3,5,5,2,4,3,4,4,1,4,4,3,4,2,3,3,1,2,3,2,4,2,1,1,B.B. 女,"	21",D.D. 本科,A.A. 学生,D.D. 至少每月一次,A.A. 喜剧,,C.C. 动作,D.D. 恐怖,E.E. 悬疑推理,F.F. 动画,G.G. 科幻,,,,2
63,3,3,3,4,4,4,6,6,6,5,6,5,4,4,4,3,4,2,3,3,2,3,4,4,4,2,3,2,1,4,4,2,3,3,2,2,B.B. 女,"	24",E.E. 硕士,A.A. 学生,E.E. 超过一个月才看一次,A.A. 喜剧,B.B. 爱情,,,,F.F. 动画,,,,J.J. 剧情,3
62,2,2,1,4,3,3,5,6,5,4,5,4,3,4,4,4,4,2,4,3,3,2,4,2,4,3,3,1,1,3,4,3,3,4,1,3,A.A. 男,"	25",E.E. 硕士,A.A. 学生,E.E. 超过一个月才看一次,A.A. 喜剧,,C.C. 动作,,,,G.G. 科幻,,,,3
61,7,7,7,7,7,7,7,7,7,7,7,7,3,1,5,1,1,4,3,5,1,3,5,1,5,1,1,3,1,1,5,1,3,3,1,3,B.B. 女,"	22",D.D. 本科,A.A. 学生,B.B. 至少每周一次,A.A. 喜剧,B.B. 爱情,C.C. 动作,,E.E. 悬疑推理,F.F. 动画,G.G. 科幻,H.H. 战争,I.I. 历史,J.J. 剧情,5
60,4,5,4,3,3,3,6,6,6,6,6,6,3,3,4,1,2,4,3,4,2,4,3,4,4,2,4,4,1,4,4,2,4,2,3,4,B.B. 女,"	20",D.D. 本科,A.A. 学生,B.B. 至少每周一次,A.A. 喜剧,B.B. 爱情,,D.D. 恐怖,E.E. 悬疑推理,,,,,J.J. 剧情,4
59,4,4,1,4,4,1,5,5,4,7,7,7,2,2,5,1,4,5,4,5,2,5,3,2,4,2,2,5,1,3,4,2,5,4,2,3,A.A. 男,"	21",D.D. 本科,A.A. 学生,D.D. 至少每月一次,,,C.C. 动作,,E.E. 悬疑推理,,G.G. 科幻,,,J.J. 剧情,3
58,3,3,3,4,4,3,5,5,4,5,4,4,3,4,4,3,4,3,3,3,2,3,4,3,4,3,3,3,1,3,3,3,3,2,3,2,B.B. 女,"	22",D.D. 本科,A.A. 学生,E.E. 超过一个月才看一次,A.A. 喜剧,B.B. 爱情,C.C. 动作,,,F.F. 动画,G.G. 科幻,,,J.J. 剧情,3
57,3,3,2,4,4,4,5,5,5,5,5,4,3,4,3,3,4,3,3,4,3,3,4,3,3,3,3,2,1,3,3,4,3,2,3,3,B.B. 女,"	21",D.D. 本科,A.A. 学生,D.D. 至少每月一次,A.A. 喜剧,B.B. 爱情,C.C. 动作,,E.E. 悬疑推理,F.F. 动画,,H.H. 战争,,J.J. 剧情,3
56,3,2,3,3,2,2,6,5,5,5,6,6,4,5,3,4,4,4,5,2,4,2,4,3,4,5,4,4,1,2,4,5,4,3,2,2,A.A. 男,"	26",E.E. 硕士,E.E. 其它,E.E. 超过一个月才看一次,,,C.C. 动作,,E.E. 悬疑推理,,G.G. 科幻,H.H. 战争,,,4
55,6,7,5,3,3,2,5,6,5,6,7,6,4,5,3,4,4,5,4,4,3,4,5,4,4,3,4,3,1,4,4,5,4,3,4,3,B.B. 女,"	25",E.E. 硕士,A.A. 学生,D.D. 至少每月一次,A.A. 喜剧,B.B. 爱情,,,E.E. 悬疑推理,,,,,J.J. 剧情,4
54,4,5,4,4,4,4,7,7,7,7,7,7,5,5,5,2,2,5,5,5,2,5,5,2,5,2,5,5,1,5,5,2,5,5,5,5,A.A. 男,"25
",D.D. 本科,C.C. 政府/企事业单位,A.A. 一周数次,A.A. 喜剧,B.B. 爱情,C.C. 动作,D.D. 恐怖,E.E. 悬疑推理,,G.G. 科幻,,,,3
53,4,4,2,6,5,3,5,6,4,7,7,5,2,4,4,4,5,1,3,4,4,2,1,3,3,4,2,2,1,3,4,5,5,2,1,2,B.B. 女,"	20",D.D. 本科,A.A. 学生,C.C. 至少每半个月一次,A.A. 喜剧,,,,,F.F. 动画,,,I.I. 历史,J.J. 剧情,4
52,4,4,3,3,3,3,7,7,7,7,7,7,5,5,5,2,4,4,5,4,2,3,4,3,5,2,5,5,1,2,4,2,5,5,2,4,B.B. 女,"	21",D.D. 本科,A.A. 学生,C.C. 至少每半个月一次,,,,,E.E. 悬疑推理,,G.G. 科幻,,I.I. 历史,J.J. 剧情,4
51,7,7,7,7,7,7,7,7,6,7,7,7,4,5,5,1,3,3,4,5,2,4,5,5,5,4,5,3,1,4,5,2,5,3,1,5,B.B. 女,"	27",D.D. 本科,C.C. 政府/企事业单位,A.A. 一周数次,A.A. 喜剧,,C.C. 动作,D.D. 恐怖,E.E. 悬疑推理,F.F. 动画,G.G. 科幻,,,J.J. 剧情,5
50,1,1,2,1,1,1,4,3,2,5,4,5,4,3,5,1,2,4,3,5,2,2,2,1,5,1,5,5,3,4,5,1,5,2,1,1,A.A. 男,"	21",D.D. 本科,A.A. 学生,E.E. 超过一个月才看一次,,,,,,,G.G. 科幻,,,,2
49,2,1,1,3,3,3,6,6,6,7,7,7,5,5,5,5,5,4,4,4,1,5,5,5,5,2,5,2,1,2,5,2,5,5,1,4,B.B. 女,"	26",E.E. 硕士,B.B. 公司职员,E.E. 超过一个月才看一次,A.A. 喜剧,B.B. 爱情,C.C. 动作,,E.E. 悬疑推理,,G.G. 科幻,H.H. 战争,I.I. 历史,J.J. 剧情,5
48,2,2,2,2,2,2,6,7,7,7,7,7,5,4,4,5,4,4,4,4,2,4,5,4,4,1,5,4,1,2,5,3,5,4,2,4,B.B. 女,"	25",D.D. 本科,B.B. 公司职员,D.D. 至少每月一次,A.A. 喜剧,B.B. 爱情,C.C. 动作,,,,G.G. 科幻,,I.I. 历史,,4
47,4,4,2,5,5,4,6,6,4,6,7,5,3,4,4,4,3,3,3,4,3,3,4,4,4,3,4,2,1,3,4,3,3,2,2,3,B.B. 女,"	21",D.D. 本科,A.A. 学生,D.D. 至少每月一次,A.A. 喜剧,,,,E.E. 悬疑推理,,,,,J.J. 剧情,3
46,6,6,7,6,5,6,6,5,6,6,5,6,4,4,4,4,5,4,5,4,4,5,4,5,4,4,4,4,1,4,4,4,4,5,3,4,B.B. 女,"	29",C.C. 大专,B.B. 公司职员,B.B. 至少每周一次,A.A. 喜剧,B.B. 爱情,,,,F.F. 动画,,,,,4
45,5,6,5,6,6,5,5,6,6,5,5,7,4,4,4,4,4,4,4,4,4,4,4,4,4,2,4,2,1,4,3,4,3,4,3,3,A.A. 男,"	28",C.C. 大专,B.B. 公司职员,B.B. 至少每周一次,A.A. 喜剧,B.B. 爱情,,,,,,,,,4
44,7,7,4,2,2,2,7,7,4,2,2,2,3,4,4,5,5,3,1,3,5,3,4,2,5,5,5,2,1,3,4,5,2,1,2,1,A.A. 男,"	22",D.D. 本科,A.A. 学生,E.E. 超过一个月才看一次,,,,,E.E. 悬疑推理,,G.G. 科幻,,,J.J. 剧情,3
43,4,4,2,7,7,6,6,6,4,7,7,6,4,3,4,2,4,4,4,4,4,4,3,4,4,3,3,3,1,3,3,4,3,3,2,1,B.B. 女,"	22",D.D. 本科,A.A. 学生,B.B. 至少每周一次,,B.B. 爱情,,,E.E. 悬疑推理,,,,,J.J. 剧情,3
42,3,5,3,4,5,3,5,6,3,5,5,3,3,3,5,3,3,3,3,3,3,4,3,2,3,3,3,3,1,2,3,3,3,3,2,1,B.B. 女,"	20",D.D. 本科,A.A. 学生,E.E. 超过一个月才看一次,,,C.C. 动作,,E.E. 悬疑推理,,G.G. 科幻,H.H. 战争,,J.J. 剧情,3
41,5,5,5,5,5,5,5,5,5,4,5,5,4,3,3,3,3,3,3,3,3,3,3,3,3,2,3,3,1,3,3,3,3,3,3,3,B.B. 女,"	21",D.D. 本科,A.A. 学生,E.E. 超过一个月才看一次,A.A. 喜剧,,,D.D. 恐怖,E.E. 悬疑推理,F.F. 动画,,,,J.J. 剧情,3
40,1,1,1,1,1,1,5,5,1,4,4,1,2,5,5,3,3,3,1,3,4,4,3,5,5,3,4,2,1,3,3,3,2,1,2,1,B.B. 女,"	21",D.D. 本科,A.A. 学生,E.E. 超过一个月才看一次,A.A. 喜剧,B.B. 爱情,,,,,,,,J.J. 剧情,3
39,6,4,4,5,5,6,5,4,5,5,4,5,3,4,4,2,3,3,3,3,3,2,3,3,3,2,2,3,1,3,3,4,4,4,4,4,B.B. 女,"	21",D.D. 本科,A.A. 学生,C.C. 至少每半个月一次,A.A. 喜剧,B.B. 爱情,,D.D. 恐怖,E.E. 悬疑推理,,,,,J.J. 剧情,2
38,4,7,4,5,6,5,6,7,5,4,4,3,3,3,3,4,4,3,3,3,4,4,3,3,4,4,4,3,1,3,4,4,4,3,4,3,A.A. 男,"	22",E.E. 硕士,A.A. 学生,E.E. 超过一个月才看一次,A.A. 喜剧,,,D.D. 恐怖,E.E. 悬疑推理,,,,,,3
37,3,2,3,2,5,4,3,2,3,5,4,5,2,2,4,4,2,4,2,4,4,4,4,4,2,4,4,4,2,2,3,3,2,2,3,4,A.A. 男,"	32",D.D. 本科,C.C. 政府/企事业单位,A.A. 一周数次,,,,,E.E. 悬疑推理,,,,,,3
36,5,6,5,6,6,6,4,4,3,5,5,5,1,3,4,3,4,3,2,3,3,4,3,3,4,3,2,2,1,3,4,3,4,2,3,4,B.B. 女,"20
",D.D. 本科,A.A. 学生,E.E. 超过一个月才看一次,A.A. 喜剧,,,,E.E. 悬疑推理,,,,,J.J. 剧情,3
35,5,5,4,5,4,5,3,3,6,5,4,6,3,4,4,4,3,4,3,4,3,4,5,4,4,2,4,4,1,3,4,3,4,3,4,3,A.A. 男,"	18",A.A. 高中及以下,A.A. 学生,C.C. 至少每半个月一次,A.A. 喜剧,B.B. 爱情,,D.D. 恐怖,E.E. 悬疑推理,,,,,,4
34,3,3,1,5,4,2,6,6,4,3,3,1,2,3,4,4,4,2,2,4,4,4,3,4,3,4,4,3,1,2,2,4,5,2,3,3,B.B. 女,"	22",D.D. 本科,A.A. 学生,E.E. 超过一个月才看一次,,,,,E.E. 悬疑推理,F.F. 动画,G.G. 科幻,,I.I. 历史,J.J. 剧情,3
33,3,2,1,3,4,3,5,5,6,6,6,5,3,4,5,3,3,2,3,4,2,2,2,5,5,3,4,4,1,3,4,4,2,1,2,2,B.B. 女,"	21",D.D. 本科,A.A. 学生,E.E. 超过一个月才看一次,A.A. 喜剧,,,,E.E. 悬疑推理,F.F. 动画,G.G. 科幻,,,J.J. 剧情,3
32,5,5,4,5,5,5,6,6,5,6,6,5,4,4,4,3,4,4,4,3,4,4,4,4,4,2,3,3,1,2,3,2,4,4,2,4,B.B. 女,"	21",D.D. 本科,A.A. 学生,D.D. 至少每月一次,A.A. 喜剧,B.B. 爱情,,,E.E. 悬疑推理,,,,,,4
31,4,4,4,4,4,4,5,5,5,5,5,5,3,4,4,2,3,3,3,4,4,4,4,4,4,3,4,3,1,3,3,4,4,3,3,3,B.B. 女,"	22",E.E. 硕士,A.A. 学生,E.E. 超过一个月才看一次,A.A. 喜剧,,,,E.E. 悬疑推理,,G.G. 科幻,,,J.J. 剧情,3
30,4,7,4,4,3,3,3,3,3,7,7,4,3,4,5,4,4,3,3,3,4,5,5,2,4,4,4,3,1,2,4,4,3,3,1,3,B.B. 女,"	21",D.D. 本科,A.A. 学生,D.D. 至少每月一次,,,,,,,G.G. 科幻,,,,3
29,2,3,3,6,6,4,6,6,3,4,5,3,5,5,4,2,5,4,1,4,2,3,5,2,5,1,4,2,1,1,2,3,1,4,5,2,B.B. 女,"	20",D.D. 本科,A.A. 学生,D.D. 至少每月一次,A.A. 喜剧,B.B. 爱情,,,E.E. 悬疑推理,F.F. 动画,,,,J.J. 剧情,3
28,4,3,3,4,3,3,2,1,1,5,5,3,3,4,5,5,5,2,3,5,3,5,5,5,4,4,5,2,1,4,4,4,5,5,4,2,B.B. 女,"	21",D.D. 本科,A.A. 学生,B.B. 至少每周一次,,B.B. 爱情,,,,,,,,J.J. 剧情,4
27,4,5,3,4,5,4,5,5,5,6,5,5,3,4,4,3,3,2,2,3,3,2,2,2,3,3,3,2,1,2,2,4,2,4,4,4,B.B. 女,"	20",D.D. 本科,A.A. 学生,B.B. 至少每周一次,A.A. 喜剧,,C.C. 动作,D.D. 恐怖,E.E. 悬疑推理,,,,,J.J. 剧情,3
26,4,4,4,4,4,4,6,7,4,5,6,4,2,4,4,4,4,3,3,4,4,3,3,4,3,3,3,2,1,4,3,3,2,1,2,3,B.B. 女,"	21",D.D. 本科,A.A. 学生,E.E. 超过一个月才看一次,A.A. 喜剧,,,,E.E. 悬疑推理,,G.G. 科幻,,,J.J. 剧情,3
25,3,2,2,4,3,2,5,4,2,4,4,2,2,4,4,4,4,2,2,4,3,4,2,3,4,4,4,2,1,4,4,3,4,2,2,2,B.B. 女,"	20",D.D. 本科,A.A. 学生,E.E. 超过一个月才看一次,A.A. 喜剧,,,,E.E. 悬疑推理,,,,,J.J. 剧情,3
24,6,7,4,2,2,2,5,6,4,6,6,6,2,4,5,4,5,1,2,4,4,4,2,1,4,5,5,3,1,4,4,5,4,4,5,5,B.B. 女,"	21",D.D. 本科,A.A. 学生,C.C. 至少每半个月一次,A.A. 喜剧,B.B. 爱情,,,,,G.G. 科幻,,,J.J. 剧情,3
23,6,6,6,5,5,5,6,6,6,6,6,6,3,5,4,2,2,2,2,3,2,2,3,3,4,1,4,2,1,2,3,1,1,2,3,2,B.B. 女,"	21",D.D. 本科,A.A. 学生,B.B. 至少每周一次,A.A. 喜剧,,,,,F.F. 动画,,,,,4
22,6,6,6,6,6,6,7,7,7,6,6,6,3,3,5,2,5,2,2,3,2,5,3,4,4,1,4,1,1,4,4,1,3,1,3,1,B.B. 女,"	21",D.D. 本科,A.A. 学生,C.C. 至少每半个月一次,,,,,E.E. 悬疑推理,F.F. 动画,G.G. 科幻,,,J.J. 剧情,4
21,4,4,2,6,5,4,5,5,3,6,6,5,3,5,4,4,2,3,4,3,4,4,4,5,3,4,3,2,1,4,3,4,3,3,2,1,A.A. 男,"	21",D.D. 本科,A.A. 学生,D.D. 至少每月一次,A.A. 喜剧,,C.C. 动作,,E.E. 悬疑推理,F.F. 动画,G.G. 科幻,,,,1
20,5,6,2,6,7,6,6,6,5,6,6,5,2,3,5,3,3,4,4,5,3,3,3,5,4,5,5,3,1,1,3,4,3,3,2,3,B.B. 女,"	22",D.D. 本科,A.A. 学生,C.C. 至少每半个月一次,A.A. 喜剧,B.B. 爱情,,,,,G.G. 科幻,,I.I. 历史,J.J. 剧情,5
19,3,2,2,3,3,4,5,6,4,4,5,3,4,4,4,2,2,2,2,4,3,3,4,4,4,3,4,2,1,4,4,2,2,2,4,2,B.B. 女,"	20",D.D. 本科,A.A. 学生,D.D. 至少每月一次,A.A. 喜剧,B.B. 爱情,,,,,,,,J.J. 剧情,3
18,3,3,2,4,4,4,5,5,4,5,4,4,3,5,5,5,4,2,3,3,5,4,2,4,4,4,4,2,1,4,2,5,3,1,3,4,B.B. 女,"	22",D.D. 本科,A.A. 学生,E.E. 超过一个月才看一次,A.A. 喜剧,,C.C. 动作,,,,,,,,3
17,2,1,1,2,5,2,4,5,2,2,2,2,4,4,4,2,2,3,4,4,3,2,4,4,4,2,3,2,1,4,4,4,2,2,4,3,B.B. 女,"	21",D.D. 本科,A.A. 学生,D.D. 至少每月一次,A.A. 喜剧,B.B. 爱情,C.C. 动作,D.D. 恐怖,E.E. 悬疑推理,,G.G. 科幻,H.H. 战争,,J.J. 剧情,3
16,2,2,2,2,2,2,4,4,4,5,5,5,2,5,4,1,2,4,4,4,4,5,3,2,4,4,4,4,1,4,3,4,4,4,3,4,B.B. 女,"	21",D.D. 本科,A.A. 学生,D.D. 至少每月一次,,,,,E.E. 悬疑推理,,,,,,4
15,5,5,5,6,5,5,6,5,5,3,4,3,4,3,4,2,4,3,4,3,4,3,4,3,4,3,4,3,1,4,3,4,3,3,4,3,B.B. 女,"	22",D.D. 本科,A.A. 学生,E.E. 超过一个月才看一次,A.A. 喜剧,,C.C. 动作,,E.E. 悬疑推理,,,,,J.J. 剧情,3
14,4,5,4,5,5,4,6,6,6,6,7,6,3,3,4,3,3,3,3,3,3,3,3,4,4,2,3,3,1,3,4,1,3,2,1,1,B.B. 女,"	50",D.D. 本科,C.C. 政府/企事业单位,E.E. 超过一个月才看一次,,,C.C. 动作,,E.E. 悬疑推理,,,,,,4
13,4,4,2,2,2,1,4,6,3,4,7,4,2,5,4,2,5,3,2,3,3,3,5,2,4,3,5,2,1,3,2,5,5,2,1,1,B.B. 女,"	20",D.D. 本科,A.A. 学生,C.C. 至少每半个月一次,,B.B. 爱情,,,E.E. 悬疑推理,,G.G. 科幻,,,J.J. 剧情,3
12,6,6,6,6,6,5,6,6,5,2,2,1,3,3,4,3,2,3,3,3,2,4,4,3,3,1,4,3,1,2,3,3,3,2,2,2,B.B. 女,"	22",D.D. 本科,A.A. 学生,E.E. 超过一个月才看一次,A.A. 喜剧,B.B. 爱情,,,,,,,,,4
11,3,4,3,4,4,2,4,3,3,5,5,4,3,3,4,2,3,4,2,2,2,2,3,4,3,3,3,2,1,2,3,4,4,1,2,3,B.B. 女,"	22",D.D. 本科,A.A. 学生,C.C. 至少每半个月一次,,B.B. 爱情,,,,,,,,J.J. 剧情,2
10,4,6,6,6,6,6,7,6,7,6,6,6,3,4,5,3,3,2,1,3,4,4,3,4,3,3,4,3,1,4,3,3,3,3,2,5,B.B. 女,"	20",D.D. 本科,A.A. 学生,E.E. 超过一个月才看一次,A.A. 喜剧,,,,,,G.G. 科幻,,I.I. 历史,J.J. 剧情,5
9,6,6,5,5,5,4,6,5,4,6,6,4,3,5,4,2,3,3,4,3,3,5,3,5,4,2,5,3,1,4,4,3,4,2,3,2,B.B. 女,"	21",D.D. 本科,A.A. 学生,B.B. 至少每周一次,,,,,E.E. 悬疑推理,F.F. 动画,G.G. 科幻,,,J.J. 剧情,3
8,5,5,4,4,4,4,5,5,4,5,5,4,2,3,5,3,4,2,1,2,2,3,2,4,2,2,4,2,1,4,2,4,3,3,1,4,B.B. 女,"	21",D.D. 本科,A.A. 学生,A.A. 一周数次,A.A. 喜剧,B.B. 爱情,,,E.E. 悬疑推理,,,,I.I. 历史,,3
7,2,5,2,6,6,4,7,7,5,7,7,7,4,4,4,3,5,5,4,2,4,4,4,4,3,4,4,3,1,1,1,4,2,3,1,3,B.B. 女,"	21",D.D. 本科,A.A. 学生,D.D. 至少每月一次,,B.B. 爱情,,,,F.F. 动画,G.G. 科幻,,I.I. 历史,J.J. 剧情,3
6,5,6,5,3,4,3,5,6,4,5,1,4,3,3,3,4,4,3,2,3,3,2,3,5,3,3,4,3,1,4,3,4,3,2,3,2,B.B. 女,"21



",D.D. 本科,A.A. 学生,E.E. 超过一个月才看一次,,B.B. 爱情,,,,F.F. 动画,,,,,3
5,4,5,3,4,4,3,6,7,5,6,7,6,5,5,4,4,5,4,4,3,5,5,5,2,2,5,5,3,1,2,2,4,4,4,2,3,B.B. 女,"	21",D.D. 本科,A.A. 学生,A.A. 一周数次,,B.B. 爱情,,,E.E. 悬疑推理,,,H.H. 战争,I.I. 历史,J.J. 剧情,4
4,3,3,3,4,5,4,6,7,5,6,6,5,3,5,5,2,3,3,3,2,1,4,4,5,4,2,2,3,1,2,4,2,3,4,1,1,B.B. 女,"	23",D.D. 本科,A.A. 学生,E.E. 超过一个月才看一次,A.A. 喜剧,B.B. 爱情,,,E.E. 悬疑推理,,,,I.I. 历史,J.J. 剧情,3
3,5,7,4,5,4,4,6,7,5,7,6,5,2,5,5,4,5,3,3,4,3,5,3,5,5,4,5,3,1,5,4,2,2,3,4,2,B.B. 女,"	21",D.D. 本科,A.A. 学生,A.A. 一周数次,A.A. 喜剧,B.B. 爱情,,D.D. 恐怖,E.E. 悬疑推理,,,,,J.J. 剧情,5
2,3,3,4,7,7,4,5,6,4,6,7,7,3,4,5,2,4,4,3,3,2,4,4,4,4,2,4,3,1,3,3,3,2,4,1,3,B.B. 女,"	25",E.E. 硕士,A.A. 学生,C.C. 至少每半个月一次,,,,,E.E. 悬疑推理,F.F. 动画,G.G. 科幻,,I.I. 历史,,5
1,5,5,4,6,6,3,7,7,5,6,6,4,3,3,3,1,4,3,4,3,1,3,3,3,3,1,3,4,1,3,3,1,3,3,1,3,B.B. 女,"	21",D.D. 本科,A.A. 学生,B.B. 至少每周一次,,,,,E.E. 悬疑推理,,G.G. 科幻,,,J.J. 剧情,4